IND,LAT,LON,DBH_2022,HEIGHT,SOIL_RESP,Family,Genus,Species
1001,-2.5951942,-60.2079441,201,19.76,,Sapotaceae,Pouteria,erythrochrysa
1003,-2.5951839,-60.2079219,96,,,Euphorbiaceae,Mabea,angularis
1004,-2.5951293,-60.2079058,83,,,Euphorbiaceae,Mabea,angularis
1009,-2.5951648,-60.2078933,158,23.98,,Lecythidaceae,Eschweilera,micrantha
1012,-2.5952397,-60.2079324,326,31.92,1,Chrysobalanaceae,Licania,coriacea
1016,-2.5951988,-60.2078828,146,14.99,,Lauraceae,Licaria,hirsuta
1017,-2.5951988,-60.2078478,209,20.5,,Sapotaceae,Pouteria,vernicosa
1019,-2.5952445,-60.2078855,218,10.75,,Fabaceae,Swartzia,reticulata
1020,-2.5952451,-60.2078638,400,25.3,1,Chrysobalanaceae,Licania,sandwithii 
1021,-2.5952497,-60.207865,153,19.52,,Annonaceae,Unonopsis,guatterioides
1023,-2.5952644,-60.2079346,337,24.11,1,Malpighiaceae,Pterandra,arborea
1025,-2.5952828,-60.2078991,142,15.95,,Euphorbiaceae,Dodecastigma,amazonicum
1028,-2.595288,-60.2078538,270,23.23,1,Burseraceae,Protium,rubrum
1032,-2.5953043,-60.2078963,138,17.98,,Burseraceae,Protium ,hebetatum
1033,-2.5953406,-60.2078603,262,,,Putranjivaceae,Drypetes,variabilis
1034,-2.5952993,-60.2079209,353,19.06,1,Chrysobalanaceae,Parinari,excelsa
1036,-2.5953248,-60.2079205,113,19.69,,Elaeocarpaceae,Sloanea,brevipes
1040,-2.5953528,-60.2079347,216,23.78,1,Malvaceae,Scleronema,micrantha
1041,-2.5953536,-60.2079413,280,26.49,1,Euphorbiaceae,Hevea,guianensis
1045,-2.595371,-60.2079609,153,19.82,,Euphorbiaceae,Mabea,angularis
1048,-2.5953111,-60.2079863,324,24.48,1,Lecythidaceae,Eschweilera,pseudocolorans
1049,-2.5953439,-60.2080139,103,19.95,,Rubiaceae,Amaioua,glomerulata
1052,-2.5952992,-60.2079978,123,17.96,,Euphorbiaceae,Micrandropsis,scleroxylon
1056,-2.5952751,-60.2080794,321,,1,Sapotaceae,Pouteria,cuspidata
1057,-2.595267,-60.2080353,199,,,Fabaceae,Elizabetha,bicolor
1060,-2.5952464,-60.2080773,281,,1,Sapotaceae,Pouteria,bilocularis
1062,-2.5952421,-60.2080609,74,,,Chrysobalanaceae,Licania,heteromorpha
1063,-2.5952353,-60.2080621,116,,,Sapotaceae,Pouteria ,anomala
1064,-2.5952388,-60.2080367,102,,,Euphorbiaceae,Mabea,angularis
1065,-2.595254,-60.2079744,291,22.77,1,Euphorbiaceae,Hevea,guianensis
1105,-2.5951897,-60.207952,47,,,Elaeocarpaceae,Sloanea,sinemariensis
1106,-2.5952025,-60.2079478,42,7.35,,Erythroxylaceae,Erythroxylum,amplum
1107,-2.5952052,-60.2079449,41,5.68,,Violaceae,Paypayrola,grandiflora
1108,-2.5952241,-60.2079467,34,3.84,,Fabaceae,Swartzia,arborescens
1110,-2.595248,-60.207958,27,5.64,,Moraceae,Sorocea,muriculata
1111,-2.5952499,-60.2079488,47,8.99,,Elaeocarpaceae,Sloanea,fragrans
1112,-2.5952409,-60.2079482,70,13.8,,Euphorbiaceae,Mabea,angularis
1113,-2.5952415,-60.2079418,33,8.93,,Burseraceae,Protium,ferrugineum
1114,-2.5952372,-60.2079339,43,11.08,,Lecythidaceae,Couratari,stellata
1115,-2.5952444,-60.2079436,23,,,Lecythidaceae,Eschweilera,pedicellata
1117,-2.5952452,-60.2079305,24,4.07,,Sapotaceae,Pouteria,retinervis
1118,-2.5952388,-60.2079606,65,12.16,,Lecythidaceae,Eschweilera,coriacea
1119,-2.5952163,-60.2079242,91,,,Sapotaceae,Pouteria,caimito
1121,-2.5952126,-60.207931,55,,,Lecythidaceae,Eschweilera,collina
1122,-2.5952035,-60.2079142,53,,,Burseraceae,Dacryodes,cuspidata
1123,-2.5951995,-60.207916,33,,,Myrtaceae,Eugenia,cupulata
1125,-2.5951926,-60.2079024,30,5.65,,Myristicaceae,Irynathera,sp
1128,-2.5951802,-60.2079344,34,,,Malpighiaceae,Pterandra,arborea
1131,-2.595165,-60.2079176,26,,,Chrysobalanaceae,Licania,micrantha
1132,-2.5951594,-60.2079145,25,,,Erythroxylaceae,Erythroxylum,amplum
1133,-2.5951507,-60.2079116,20,,,Fabaceae,Inga,obidensis
1134,-2.5951425,-60.2079002,44,,,Siparunaceae,Siparuna,cuspidata
1135,-2.5951364,-60.2079106,22,,,Annonaceae,Duguetia,flagellaris
1136,-2.5951335,-60.2079054,62,,,Lauraceae,Licaria,macrophylla
1137,-2.5951293,-60.2079058,25,,,Sapotaceae,Micropholis,mensalis
1139,-2.5951617,-60.2078896,40,7.48,,Lecythidaceae,Eschweilera,grandiflora
1140,-2.5951654,-60.2078876,80,,,Euphorbiaceae,Mabea,speciosa
1141,-2.5951661,-60.2078791,49,,,Violaceae,Papayrola,grandifolia
1143,-2.5951792,-60.2078791,41,3.85,,Rubiaceae,Ladenbergia,sp
1148,-2.5951822,-60.2079181,24,5.59,,Fabaceae,Inga,obidensis
1149,-2.5952147,-60.2078809,35,,,Annonaceae,Duguetia,flagellaris
1150,-2.5952092,-60.2078855,37,,,Euphorbiaceae,Mabea,angularis
1152,-2.5952098,-60.2079019,59,,,Malvaceae,Pachira,macrocalyx
1153,-2.5952326,-60.207888,24,,,Melastomataceae,Henriettea,caudata
1155,-2.5952372,-60.2078662,37,,,Lecythidaceae,Eschweilera,coriacea
1156,-2.5952419,-60.2078693,21,,,Annonaceae,Duguetia,flagellaris
1157,-2.5952572,-60.2078566,34,,,Lecythidaceae,Eschweilera,pedicellata
1158,-2.5952709,-60.2078656,47,,,Burseraceae,Protium,hebetatum
1159,-2.5952728,-60.2078642,74,,,Annonaceae,Unonopsis,guatterioides
1160,-2.5952707,-60.2078546,72,,,Moraceae,Maquira,sclerophylla
1161,-2.5952975,-60.2078495,95,,,Lecythidaceae,Couratari,stellata
1162,-2.5952881,-60.2078683,26,,,Violaceae,Rinorea,guianensis
1163,-2.5952861,-60.2078752,26,,,Celastraceae,Peritassa,laevigata
1164,-2.5952817,-60.2078833,22,,,Rubiaceae,Margaritopsis,podocephala
1165,-2.5952795,-60.2078853,26,,,Lecythidaceae,Eschweilera,collina
1166,-2.5952698,-60.2079123,45,,,Lecythidaceae,Eschweilera,truncata
1167,-2.5953007,-60.2078797,55,,,Lecythidaceae,Eschweilera,truncata
1168,-2.5953064,-60.2078664,30,,,Violaceae,Amphirrox,sp
1169,-2.5953372,-60.2078812,31,,,,,
1170,-2.5953392,-60.2078805,32,,,Dichapetalaceae,Tapura,guianensis
1171,-2.5953451,-60.2078752,29,,,Humiriaceae,Vantanea,macrocarpa
1172,-2.5953459,-60.2078812,81,,,Lauraceae,Ocotea,nitida
1179,-2.5953762,-60.207934,46,,,Annonaceae,Duguetia,flagellaris
1181,-2.5953491,-60.2079308,24,,,Fabaceae,Zygia,juruana
1182,-2.5953397,-60.2079307,42,,,Lauraceae,Ocotea,pauciflora
1183,-2.5953396,-60.2079406,50,,,Moraceae,Naucleopsis,caloneura
1184,-2.5953313,-60.2079373,41,,,Fabaceae,Bocoa,viridiflora
1185,-2.5953183,-60.207944,68,,,Malvaceae,Theobroma,sylvestris
1186,-2.5953027,-60.2079426,35,,,Sapinaceae,Talisia ,aff copularis
1187,-2.5952937,-60.207934,25,,,Lecythidaceae,Eschweilera,wachenheimii
1188,-2.5952631,-60.207936,28,,,Lecythidaceae,Eschweilera,wachenheimii
1189,-2.5952593,-60.2079266,69,,,Chrysobalanaceae,Couepia,ulei
1190,-2.5952609,-60.2079451,42,8.88,,Fabaceae,Tachigali,micropetala
1191,-2.5952684,-60.2079611,26,4.91,,Burseraceae,Protium,pilosissimum
1193,-2.5952789,-60.2079511,39,,,Chrysobalanaceae,Hirtella,hispidula
1194,-2.595279,-60.207965,42,,,Chrysobalanaceae,Couepia,guianensis
1195,-2.5952908,-60.207965,52,,,Lecythidaceae,Eschweilera,collina
1196,-2.5952958,-60.2079606,96,,,Annonaceae,Ephedranthus,amazonicus
1197,-2.5953019,-60.2079596,24,,,Annonaceae,Duguetia,flagellaris
1199,-2.5953292,-60.2079611,90,,,Myristicaceae,Virola,multinervia
1201,-2.595365,-60.2079528,50,,,Burseraceae,Protium,altsonii
1202,-2.5953646,-60.2079714,33,,,Lauraceae,Ocotea ,nigrescens
1205,-2.5953494,-60.2079815,44,,,Myrtaceae,Eugenia ,sp
1207,-2.5953456,-60.207995,101,,,Lecythidaceae,Eschweilera,pedicellata
1208,-2.595335,-60.2079863,49,,,Chrysobalanaceae,Licania,rodriguesii
1210,-2.5953161,-60.2079829,51,,,Humiriaceae,Humiriastrum,sp
1211,-2.5953022,-60.2079857,33,,,Chrysobalanaceae,Hirtella,sp
1212,-2.5953061,-60.2079999,23,,,Melastomataceae,Mouriri,angulicosta
1213,-2.5953068,-60.2079924,30,,,Burseraceae,Protium,sp.1
1214,-2.5953153,-60.2080041,25,,,Ebenaceae ,Diospyros,guianensis
1215,-2.5953153,-60.2080091,70,,,Euphorbiaceae,Mabea,angularis
1216,-2.595332,-60.2079987,23,,,Dichapetalaceae,Tapura,amazonica
1217,-2.5953465,-60.2080257,48,,,Euphorbiaceae,Mabea,angularis
1220,-2.5953338,-60.2080262,40,,,Fabaceae,Stryphnodendron,pulcherrimum
1221,-2.5953304,-60.2080233,63,,,Burseraceae,Protium,apiculatum
1223,-2.5953017,-60.20800101,56,,,Burseraceae,Protium ,hebetatum
1225,-2.5952841,-60.2080047,34,,,Fabaceae,Tachigali,sp
1226,-2.5952785,-60.2080094,21,,,Fabaceae,Swartzia,recurva
1227,-2.595292,-60.20802,23,,,Bignoniaceae,Adenocalymma,adenophorum
1228,-2.5952972,-60.2080218,19,,,Lecythidaceae,Couratari,stellata
1229,-2.5953002,-60.2080263,28,,,Fabaceae,Andira,parviflora
1230,-2.595304,-60.2080235,63,,,Burseraceae,Protium,decandrum
1231,-2.5953164,-60.2080328,34,,,Fabaceae,Swartzia,sp
1232,-2.5953235,-60.2080397,30,,,Olacacae,Minquartia,guianensis
1235,-2.5953105,-60.208068,85,,,Moraceae,Helianthostylis,sprucei
1236,-2.5953054,-60.2080665,60,,,Euphorbiaceae,Mabea,angularis
1237,-2.5952979,-60.2080521,28,,,Vochysiaceae,Erisma,bicolor
1238,-2.5952914,-60.2080493,37,,,Lecythidaceae,Eschweilera,tessmannii
1239,-2.5952571,-60.207978,59,,,Elaeocarpaceae,Sloanea,fragrans
1240,-2.5952525,-60.2079835,29,,,Euphorbiaceae,Mabea,angularis
1241,-2.5952689,-60.2080482,28,,,Fabaceae,Inga,brachyrhachis
1242,-2.5952594,-60.2080425,30,,,Burseraceae,Protium,nitidifolium
1243,-2.5952505,-60.2080341,41,,,Vochysiaceae,Erisma,bicolor
1244,-2.5952556,-60.2080494,91,,,Sapotaceae,Pouteria,erythrochrysa
1245,-2.5952509,-60.2080555,29,,,Lauraceae,Ocotea,sp
1246,-2.5952489,-60.2080573,32,,,Lauraceae,Ocotea,sp
1247,-2.5952557,-60.2080671,31,,,Moraceae,Maquira,sclerophylla
1248,-2.5952361,-60.20806,30,,,Fabaceae,Inga,brachyrhachis
1249,-2.5952353,-60.2080607,22,,,Annonaceae,Duguetia,flagellaris
1250,-2.595248,-60.20807,23,,,Chrysobalanaceae,Licania,micrantha
1252,-2.5952717,-60.2080679,25,,,Anacardiaceae,Astronium,lecointei
1254,-2.5952671,-60.2080731,23,,,Annonaceae,Duguetia,flagellaris
1255,-2.5952654,-60.2080825,52,,,Lecythidaceae,Eschweilera,pedicellata
1257,-2.5952484,-60.2080818,72,,,Chrysobalanaceae,Licania,niloi
1258,-2.5952511,-60.2080773,75,,,Lauraceae,Aniba,megaphylla
1259,-2.5952444,-60.2080762,56,,,Lauraceae,Licaria,hirsuta
1260,-2.595236,-60.2080811,88,,,Euphorbiaceae,Micrandropsis,scleroxylon
1261,-2.5952204,-60.20808,64,,,Euphorbiaceae,Dodecastigma,amazonicum
1262,-2.5952188,-60.208033,32,,,Burseraceae,Protium,nitidifolium
1263,-2.5952109,-60.2080344,61,,,Violaceae,Rinorea,racemosa
1264,-2.5952167,-60.2080402,72,,,Moraceae,Brosimum,rubescens
1266,-2.5951988,-60.2080756,91,,,Annonaceae,Duguetia,flagellaris
1271,-2.5951891,-60.2080046,48,,,Fabaceae,Pterocarpus,rohrii
1273,-2.595182,-60.2080489,34,,,Violaceae,Paypayrola,grandiflora
1274,-2.5951739,-60.2080419,30,,,Violaceae,Paypayrola,grandiflora
1275,-2.5952444,-60.2080635,48,,,Burseraceae,Protium,hebetatum
1276,-2.5952028,-60.2080435,97,,,Fabaceae,Ormosia,paraensis
1277,-2.5951964,-60.2080447,34,,,Violaceae,Paypayrola,grandiflora
1278,-2.5951949,-60.2080295,66,,,Salicaceae,Ryania,speciosa
1279,-2.5951793,-60.2080236,66,,,Violaceae,Rinorea,paniculata
1280,-2.5951772,-60.2080223,30,,,Sapotaceae,Pouteria,reticulata
1281,-2.5951825,-60.2080164,92,,,Lecythidaceae,Eschweilera,micrantha
1282,-2.5951923,-60.2080094,22,,,Burseraceae,Protium,altsonii
1283,-2.5952006,-60.2079984,22,,,Malvaceae,Theobroma,sylvestre
1284,-2.5952242,-60.2080036,37,,,Lecythidaceae,Eschweilera,wachenheimii
1285,-2.5952202,-60.2079944,91,,,Euphorbiaceae,Mabea,angularis
1286,-2.5952262,-60.2079885,21,,,Violaceae,Paypayrola,grandiflora
1287,-2.5952316,-60.2079656,39,6.19,,Lecythidaceae,Eschweilera,wachenheimii
1288,-2.5952288,-60.2079685,33,6.47,,Lecythidaceae,Eschweilera,grandiflora
1289,-2.5952234,-60.2079696,33,6.72,,Sapotaceae,Pouteria,platyphylla
1290,-2.5952029,-60.2079643,24,4.11,,Annonaceae,Duguetia,flagellaris
1291,-2.5951961,-60.2079862,56,9.47,,Lecythidaceae,Eschweilera,wachenheimii
1292,-2.5951933,-60.2079801,93,,,Annonaceae,Unonopsis,sp
1294,-2.5951865,-60.2079756,34,,,Euphorbiaceae,Mabea,angularis
1296,-2.5951846,-60.2079911,25,,,Annonaceae,Duguetia,flagellaris
1297,-2.5951789,-60.2079851,70,,,Myrtaceae,Eugenia,sp.1
1298,-2.5951735,-60.2079952,21,,,Annonaceae,Duguetia,flagellaris
1299,-2.5951635,-60.2079993,30,,,Annonaceae,Duguetia,flagellaris
1300,-2.5951628,-60.2080101,79,,,Violaceae,Rinorea,paniculata
1304,-2.5951097,-60.2079604,31,,,Burseraceae,Protium,hebetatum
1306,-2.5951596,-60.2079661,31,,,Annonaceae,Duguetia,flagellaris
1307,-2.5951639,-60.2079665,20,,,Violaceae,Rinorea,racemosa
1308,-2.5951679,-60.2079741,25,,,Chrysobalanaceae,Licania,apetala
1546,-2.5951422,-60.2080125,113,,,Humiriaceae,Vantanea,parviflora
1547,-2.5951384,-60.2080391,173,,,Burseraceae,Protium ,apiculatum
1548,-2.5951596,-60.2080371,537,,1,,,
1549,-2.5951681,-60.208039,131,19.46,,Salicaceae,Laetia,procera
1551,-2.5951688,-60.2080533,179,,,Rubiaceae,Amaioua,glomerulata
1554,-2.5951438,-60.207942,230,15.17,1,Euphorbiaceae,Dodecastigma,amazonicum
1555,-2.5951167,-60.207954,105,12.02,,Annonaceae,Fusaea,longifolia
1556,-2.5951545,-60.2079669,141,21.96,,Lecythidaceae,Corythophora,alta
1558,-2.5951679,-60.207968,208,20.23,,Sapotaceae,Ecclinusa,guianensis
1559,-2.5951804,-60.2079866,200,34.1,1,Sapotaceae,Diploon,cuspidatum
1560,-2.5952022,-60.2079908,336,,1,Fabaceae,Swartzia,tessmannii
1578,-2.5952419,-60.2079582,145,,,Fabaceae,Scleronema,sp
1579,-2.5952054,-60.208076,167,,,Elaeocarpaceae,Sloanea,floribunda
1598,-2.5953683,-60.2080117,158,19.13,,Cecropiaceae,Pourouma,guianensis
2001,-2.596206,-60.2076185,248,23.24,1,Lauraceae,Ocotea,cernua
2002,-2.5962077,-60.2076359,242,23.15,,Lecythidaceae,Eschweilera,amazoniciformis
2003,-2.5962009,-60.2076647,113,11.99,,Sapotaceae,Pouteria,virescens
2004,-2.5961902,-60.20767,170,21.6,,Malvaceae,Sterculia,pruriens
2005,-2.5961759,-60.207761,209,22.93,,Fabaceae,Bocoa,viridiflora
2006,-2.5962097,-60.2077771,162,18.28,,Burseraceae,Protium,hebetatum
2007,-2.5961797,-60.2077381,225,24.96,1,Annonaceae,Guatteria,discolor
2008,-2.5961527,-60.2077378,156,15.16,,Lecythidaceae,Gustavia,elliptica
2009,-2.5961464,-60.2077562,187,21.28,,Fabaceae,Tachigali,myrmecophila
2010,-2.596144,-60.2077129,348,16.47,1,Euphorbiaceae,Micrandropsis,scleroxylon
2011,-2.5961434,-60.207708,100,11.46,,Elaeocarpaceae,Sloanea,floribunda
2012,-2.5961564,-60.2076914,117,16.09,,Rubiaceae,Amaioua,guianensis
2013,-2.5961183,-60.2076728,444,29.18,1,Euphorbiaceae,Micrandropsis,scleroxylon
2014,-2.5960904,-60.2076762,174,24.06,,Lecythidaceae,Eschweilera,collina
2015,-2.5960946,-60.2076861,180,19.54,,Lecythidaceae,Eschweilera,amazoniciformis
2016,-2.596138,-60.2076574,126,11.99,,Lecythidaceae,Eschweilera,grandiflora
2017,-2.5961639,-60.2076427,201,18.05,1,Anisophyllaceae,Anisophyllea,manausensis
2018,-2.5961797,-60.2076415,103,12.04,,Euphorbiaceae,Micrandropsis,scleroxylon
2019,-2.5961353,-60.2076377,120,28.24,,Chrysobalanaceae,Licania,caudata
2020,-2.5961094,-60.2076129,173,27.64,,Fabaceae,Swartzia,tessmannii
2021,-2.5960954,-60.2076111,532,28.99,,Olacacae,Minquartia,guianensis
2022,-2.5961481,-60.2076276,118,14.27,,Lepidobotryaceae,Ruptiliocarpon,caracolito
2024,-2.5961208,-60.2075744,571,39.62,,Sapotaceae,,
2025,-2.5961365,-60.2075269,201,24.13,,Fabaceae,Tachigali,sp
2026,-2.5961578,-60.2075318,296,26.37,1,Sapotaceae,Pouteria,freitasii
2027,-2.5961647,-60.2075276,226,26.09,1,Sapotaceae,Pouteria,sp
2028,-2.5961735,-60.2075212,133,21.13,,Fabaceae,Vatairea,paraensis
2029,-2.596198,-60.2075334,164,17.78,,Lecythidaceae,Eschweilera,truncata
2030,-2.5962254,-60.207517,152,21.74,,Lecythidaceae,Eschweilera,amazoniciformis
2031,-2.5962017,-60.2075586,124,16.93,,Burseraceae,Protium,hebetatum
2032,-2.5962433,-60.2075372,223,23.6,1,Humiriaceae,Vantanea,parviflora
2033,-2.5962655,-60.207536,398,26.04,1,Melastomataceae,Mouriri,angulicosta
2034,-2.5963042,-60.2075402,144,11.93,,Malvaceae,Scleronema,micranthum
2035,-2.5962655,-60.2075897,203,22.57,1,Sapotaceae,Pouteria,minima
2036,-2.5962715,-60.207586,129,17.23,,Burseraceae,Protium,trifoliolatum
2037,-2.5962799,-60.2076243,466,36.09,1,Lecythidaceae,Eschweilera,bracteosa
2038,-2.5962774,-60.2076272,177,19.84,,Sapindaceae,Matayba,purgans
2039,-2.5962849,-60.2076371,132,18.62,,Burseraceae,Protium,apiculatum
2040,-2.5962996,-60.2076215,237,35.37,1,Euphorbiaceae,Glycidendron,amazonicum
2041,-2.5963486,-60.2076109,579,26.26,,Apocynaceae,Aspidosperma,macgravianum
2042,-2.5963268,-60.2076312,104,19.52,,Burseraceae,Protium,hebetatum
2043,-2.5963215,-60.2076461,263,21.43,,Lecythidaceae,Eschweilera,wachenheimii
2045,-2.5963131,-60.2076576,138,21.23,,Lecythidaceae,Eschweilera,grandiflora
2046,-2.5963471,-60.2076755,129,18.35,,Burseraceae,Protium,hebetatum
2047,-2.596347,-60.2076783,354,27.76,1,Fabaceae,Piptadenia,sp
2048,-2.5962405,-60.2076336,114,13.96,,Urticaceae,Pourouma,tomentosa
2049,-2.5962655,-60.2076593,118,16.34,,Myrtaceae,Eugenia,sp
2050,-2.596297,-60.2076933,133,13.74,,Lecythidaceae,Gustavia,elliptica
2051,-2.5962977,-60.2077381,415,28.11,,Lecythidaceae,Eschweilera,sp
2052,-2.5962732,-60.2077177,298,32.4,1,Sapotaceae,Pouteria,manaosensis
2053,-2.596225,-60.2077249,110,13,,Moraceae,Sorocea,guilleminiana
2054,-2.5962148,-60.2077226,208,18.75,1,Burseraceae,Protium,decandrum
2056,-2.5962127,-60.207667,205,20.27,1,Rubiaceae,Cordiera,myrciifolia
2202,-2.5961012,-60.2076261,33,6.73,,Lecythidaceae,Eschweilera,pedicellata
2204,-2.5961289,-60.2076238,41,6.42,,Annonaceae,Duguetia,flagellaris
2205,-2.5961137,-60.2076085,98,16.33,,Annonaceae,Duguetia,stelechantha
2206,-2.5961136,-60.2076026,48,9.63,,Lecythidaceae,Eschweilera,pedicellata
2207,-2.5961092,-60.2076003,38,6.92,,Burseraceae,Protium,hebetatum
2208,-2.5961117,-60.2075965,96,18.18,,Annonaceae,Guatteria,citriodora
2209,-2.5961227,-60.2075929,36,7.04,,Burseraceae,Protium,altsonii
2210,-2.596131,-60.2075929,27,4.01,,Fabaceae,Zygia,racemosa
2211,-2.5961425,-60.2075949,44,7.52,,Lecythidaceae,Eschweilera,wachenheimii
2212,-2.5961433,-60.2076053,47,7.38,,Annonaceae,Guatteria,punctata
2213,-2.5961551,-60.2076115,50,3.89,,Fabaceae,Swartzia,cuspidata
2214,-2.5961635,-60.2076017,33,4.94,,Annonaceae,Pseudoxandra,obscurinervis
2215,-2.5961876,-60.2076083,37,4.9,,Fabaceae,Tachigali,sp.2
2216,-2.5961778,-60.207615,37,5.19,,Dichapetalaceae,Tapura,guianensis
2217,-2.5961807,-60.2076173,24,4.37,,Malvaceae,Theobroma,sylvestre
2219,-2.5961706,-60.2076322,39,6.24,,Meliaceae,Guarea,kunthiana
2220,-2.596207,-60.2076269,47,6.3,,Fabaceae,Tachigali,sp
2221,-2.5962142,-60.2075968,25,4.07,,Violaceae,Paypayrola,grandiflora
2222,-2.59621,-60.2075925,76,9.53,,Euphorbiaceae,Dodecastigma,amazonicum
2223,-2.5962051,-60.207588,88,13.95,,Vochysiaceae,Erisma,bicolor
2224,-2.5962025,-60.2075968,23,4.38,,Erythroxylaceae,Erythroxylum,amplum
2225,-2.5961581,-60.2075795,83,12.85,,Euphorbiaceae,Senefeldera ,macrophylla
2226,-2.5961605,-60.2075716,55,10.76,,Lecythidaceae,Eschweilera,grandiflora
2227,-2.5961541,-60.2075702,35,5.78,,Lecythidaceae,Eschweilera,wachenheimii
2228,-2.5961508,-60.2075721,48,8.88,,Burseraceae,Dacryodes,cuspidata
2230,-2.5961184,-60.2075846,22,3.26,,Piperaceae,Piper,sp
2231,-2.5961181,-60.2075781,72,13.13,,Euphorbiaceae,Micrandropsis,scleroxylon
2232,-2.596124,-60.2075699,38,7.12,,Vochysiaceae,Erisma,bicolor
2233,-2.5961527,-60.2075536,28,4.95,,Annonaceae,Duguetia,flagellaris
2234,-2.5961448,-60.20755,84,10.31,,Lecythidaceae,Eschweilera,pseudodecolorans
2236,-2.5961761,-60.2075251,43,9.92,,Lauraceae,Licaria,macrophylla
2237,-2.5961823,-60.2075453,28,4.56,,Chrysobalanaceae,Couepia,canomensis
2238,-2.5961815,-60.2075499,52,9.41,,Burseraceae,Protium,hebetatum
2239,-2.5961762,-60.2075617,29,3.81,,Annonaceae,Duguetia,flagellaris
2240,-2.596196,-60.2075643,70,13.69,,Elaeocarpaceae,Sloanea,latifolia
2241,-2.5961996,-60.2075524,40,8.61,,Euphorbiaceae,Senefeldera,macrophylla
2242,-2.5962037,-60.2075587,28,8.05,,Fabaceae,Swartzia,schomburgkii
2243,-2.5962084,-60.2075477,29,4.04,,Lecythidaceae,Eschweilera,wachenheimii
2244,-2.5962006,-60.2075409,35,7.19,,Lauraceae,Aniba,canelilla
2250,-2.5962239,-60.2075085,45,7.49,,Sapotaceae,Manilkara,bidentata
2252,-2.5962236,-60.2075273,69,9.95,,Lecythidaceae,Eschweilera,wachenheimii
2253,-2.5962454,-60.2075398,68,10.2,,Siparunaceae,Siparuna,cuspidata
2254,-2.5962235,-60.2075536,36,4.4,,Annonaceae,Duguetia,flagellaris
2255,-2.5962187,-60.207564,60,10.18,,Euphorbiaceae,Micrandropsis,scleroxylon
2256,-2.5962228,-60.2075844,53,8.26,,Chrysobalanaceae,Couepia,canomensis
2257,-2.5962223,-60.2075779,46,9.01,,Chrysobalanaceae,Licania,gracilipes
2258,-2.5962191,-60.2076062,81,13.35,,Annonaceae,Duguetia,stelechantha
2259,-2.5962432,-60.2075898,48,9.83,,Humiriaceae,Sacoglottis,guianensis
2260,-2.5962476,-60.2075863,102,16.65,,Chrysobalanaceae,Licania,heteromorpha
2261,-2.5962511,-60.2075855,40,8.41,,Fabaceae,Tachigali,sp.2
2262,-2.5962516,-60.2075915,72,11.78,,Ebenaceae ,Diospyros,bullata
2263,-2.596254,-60.2075994,34,,,Myrsinaceae,Cybianthus,guyanensis
2264,-2.5962628,-60.2075885,23,3.3,,Annonaceae,Duguetia,flagellaris
2265,-2.5962641,-60.207589,40,8.45,,Sapotaceae,Pouteria,sp
2266,-2.5962626,-60.2075783,44,9.43,,Burseraceae,Protium,hebetatum
2267,-2.5962571,-60.2075672,100,11.15,,Fabaceae,Macrolobium,suaveolans
2268,-2.5962615,-60.2075643,24,3.7,,Lauraceae,Aniba,sp
2269,-2.5962714,-60.2075791,27,4.88,,Lauraceae,Ocotea,scabrella
2270,-2.5962765,-60.2075921,40,4.7,,Nyctaginaceae,Neea,divaricata
2271,-2.5962769,-60.2075995,35,7.27,,Burseraceae,Protium,pallidum
2272,-2.5962927,-60.2075755,46,9.05,,Annonaceae,Guatteria,scytophylla
2273,-2.5962543,-60.2075433,25,2.59,,Annonaceae,Duguetia,flagellaris
2276,-2.5962716,-60.2075329,33,7.56,,Sapotaceae,Chrysophyllum,argenteum
2277,-2.5962976,-60.2075354,52,9.25,,Burseraceae,Protium,decandrum
2278,-2.5962984,-60.2075346,91,8.24,,Violaceae,Rinorea,paniculata
2279,-2.5963094,-60.2075428,34,7.82,,Burseraceae,Protium,hebetatum
2281,-2.5963285,-60.2075626,66,10.21,,Lacistemaceae,Lacistema,grandifolium
2282,-2.5963254,-60.2075794,22,4.71,,Fabaceae,Inga,umbellifera
2283,-2.5963196,-60.2075787,22,3.91,,Dichapetalaceae,Tapura,guianensis
2284,-2.5962441,-60.2076182,54,9.92,,Sapotaceae,Pouteria,guianensis
2285,-2.5962449,-60.2076389,84,11.2,,Burseraceae,Protium,hebetatum
2286,-2.5962457,-60.2076386,44,6.87,,Chrysobalanaceae,Couepia,canomensis
2287,-2.5962685,-60.207619,28,5.5,,Urticaceae,Pourouma,velutina
2288,-2.5962665,-60.2076275,22,3.38,,Burseraceae,Protium,hebetatum
2289,-2.5962722,-60.2076199,56,9.6,,Lauraceae,Mezilaurus,itauba
2290,-2.596267,-60.2076426,47,8.24,,Rubiaceae,Faramea,platyneura
2291,-2.5962672,-60.2076535,35,6.38,,Fabaceae,Swartzia,ulei
2292,-2.5962772,-60.2076657,46,9.56,,Lacistemaceae,Lacistema,grandifolium
2293,-2.5962804,-60.2076529,33,6.81,,Violaceae,Rinorea,guianensis
2294,-2.5962928,-60.2076225,43,6.35,,Annonaceae,Duguetia,flagellaris
2295,-2.5962992,-60.2076361,43,6.7,,Sapotaceae,Micropholis,mensalis
2296,-2.5963051,-60.2076429,27,5.07,,Violaceae,Paypayrola,grandiflora
2297,-2.5963191,-60.2076473,68,12.69,,Sapotaceae,Pouteria,retinervis
2298,-2.5963188,-60.2076428,27,6.37,,Violaceae,Paypayrola,grandiflora
2299,-2.5963162,-60.2076362,33,6.86,,Ulmaceae,Ampelocera,edentula
2300,-2.5963281,-60.2076305,40,10.08,,Chrysobalanaceae,Licania,caudata
2301,-2.5963093,-60.2076156,36,6.76,,Violaceae,Paypayrola,grandiflora
2302,-2.5963261,-60.2076076,25,3.24,,Erythroxylaceae,Erythroxylum,amplum
2305,-2.5963389,-60.2076111,86,11.5,,Sapotaceae,Pouteria,stipulifera
2307,-2.5963457,-60.2076237,23,3.99,,Violaceae,Papayrola,grandifolia
2309,-2.5963383,-60.2076341,31,5.76,,Annonaceae,Duguetia,flagellaris
2311,-2.5963353,-60.2076532,35,7.26,,Annonaceae,Duguetia,flagellaris
2312,-2.5963334,-60.2076598,50,10.73,,Annonaceae,Guatteria,megalophylla
2314,-2.5963491,-60.2076758,25,4.44,,Violaceae,Paypayrola,grandiflora
2315,-2.5963471,-60.2076798,60,12.17,,Malvaceae,Theobroma,sylvestre
2316,-2.5963466,-60.2076865,30,6.6,,Annonaceae,Duguetia,flagellaris
2317,-2.5963448,-60.2076886,25,4.86,,Fabaceae,Macrolobium,suaveolans
2318,-2.5963388,-60.2076891,25,6.22,,Chrysobalanaceae,Couepia,guianensis
2319,-2.5963366,-60.2076823,26,5.53,,Elaeocarpaceae,Sloanea,laurifolia
2320,-2.5963314,-60.2076879,21,3.99,,Humiriaceae,Sacoglottis,amazonica
2321,-2.5963295,-60.2077,56,5.47,,Burseraceae,Protium,hebetatum
2322,-2.5963186,-60.2076812,34,6.17,,Fabaceae,Zygia,racemosa
2323,-2.5963232,-60.2076713,48,10.08,,Vochysiaceae,Erisma,bicolor
2324,-2.5963296,-60.2076751,34,6.03,,Violaceae,Paypayrola,grandiflora
2325,-2.5963129,-60.2076614,62,13,,Lecythidaceae,Eschweilera,pedicellata
2326,-2.5963106,-60.2076584,37,6.13,,Fabaceae,Bocoa,viridiflora
2327,-2.5963121,-60.2076554,36,8.13,,Dichapetalaceae,Tapura,amazonica
2329,-2.5962977,-60.2076649,39,5.95,,Myristicaceae,Virola,calophylla
2330,-2.5962917,-60.2076755,103,14.11,,Fabaceae,Tachigali,micropetala
2333,-2.5962997,-60.2076866,21,4.87,,Fabaceae,Cedrelinga,catenaeformis
2334,-2.5963059,-60.2076923,56,8.55,,Myristicaceae,Compsoneura,ulei
2335,-2.5963023,-60.2076961,52,10.55,,Burseraceae,Protium,hebetatum
2336,-2.5962894,-60.2076982,55,13.67,,Fabaceae,Swartzia,reticulata
2337,-2.5962929,-60.2076936,28,7.8,,Chrysobalanaceae,Couepia,canomensis
2338,-2.5962846,-60.2076852,50,8.66,,Chrysobalanaceae,Licania,niloi
2339,-2.5962776,-60.2076924,35,5.3,,Melastomataceae,Henriettea,caudata
2340,-2.596241,-60.207676,23,2.85,,Chrysobalanaceae,Licania,sp
2341,-2.5962373,-60.2076666,31,4.9,,Fabaceae,Macrolobium,suaveolans
2342,-2.5962349,-60.20767,27,5.72,,Annonaceae,Duguetia,flagellaris
2343,-2.5962311,-60.2076736,51,13.18,,Euphorbiaceae,Micrandropsis,scleroxylon
2344,-2.5962309,-60.207662,21,4.56,,Fabaceae,Tachigali,myrmecophila
2345,-2.5962364,-60.2076531,28,5.17,,Moraceae,Naucleopsis,caloneura
2346,-2.596232,-60.20765,34,2.91,,Dichapetalaceae,Tapura,guianensis
2347,-2.5962233,-60.2076524,31,7.7,,Fabaceae,Swartzia,recurva
2348,-2.5962209,-60.2076663,29,6.2,,Euphorbiaceae,Micrandropsis,scleroxylon
2350,-2.5963137,-60.2077354,55,,,Burseraceae,Protium,pilosissimum
2352,-2.5962979,-60.2077313,25,,,Annonaceae,Duguetia,flagellaris
2353,-2.5962787,-60.2077332,27,,,Menispermaceae,Abuta,grandifolia
2356,-2.596272,-60.2077298,31,,,Humiriaceae,Vantanea,macrocarpa
2357,-2.5962751,-60.2077175,98,,,Burseraceae,Protium,hebetatum
2362,-2.5962569,-60.2077569,35,,,Chrysobalanaceae,Licania,caudata
2363,-2.5962486,-60.2077481,47,,,Fabaceae,Macrolobium,suaveolans
2367,-2.5962218,-60.2077516,26,,,Annonaceae,Duguetia,flagellaris
2368,-2.5962299,-60.2077404,21,,,Annonaceae,Duguetia,flagellaris
2369,-2.5962173,-60.2077364,31,,,Burseraceae,Protium,hebetatum
2371,-2.5962549,-60.2077246,28,,,Annonaceae,Duguetia,flagellaris
2372,-2.5962466,-60.207728,24,,,Burseraceae,Protium,altsonii
2374,-2.5962378,-60.2077294,56,,,Sapotaceae,Chrysophyllum,sparsiflorum
2375,-2.59622,-60.2077274,30,,,Annonaceae,Duguetia,flagellaris
2376,-2.5962278,-60.207719,47,,,Burseraceae,Protium,hebetatum
2377,-2.5962279,-60.2077153,30,,,Ochnaceae,Quiina,amazonica
2378,-2.5962233,-60.207714,52,,,Olacaceae,Heisteria,laxiflora
2379,-2.5962096,-60.2077195,45,,,,Cedrelinga,catenaeformis
2380,-2.5962292,-60.2076943,21,,,Annonaceae,Duguetia,flagellaris
2381,-2.5962353,-60.2076902,42,,,Annonaceae,Duguetia,flagellaris
2382,-2.5962499,-60.2077047,23,,,Annonaceae,Duguetia,flagellaris
2383,-2.5962182,-60.207679,69,,,Burseraceae,Protium,hebetatum
2385,-2.5961944,-60.2076998,51,,,Chrysobalanaceae,Parinari,excelsa
2386,-2.596195,-60.2077077,29,,,Burseraceae,Protium,strumosum
2387,-2.5961807,-60.2077018,64,,,Lauraceae,Ocotea,nitida
2388,-2.5961818,-60.2077187,25,,,Burseraceae,Protium,hebetatum
2389,-2.5961761,-60.2077168,37,,,Fabaceae,Inga,bicoloriflora
2391,-2.5961698,-60.2077005,26,,,Annonaceae,Duguetia,flagellaris
2392,-2.596171,-60.2077114,26,,,Violaceae,Rinorea,guianensis
2393,-2.5961667,-60.2077239,58,,,Simaroubaceae,Simarouba,amara
2394,-2.5961729,-60.2077284,39,,,Malvaceae,Theobroma,sylvestre
2396,-2.5961905,-60.2077262,43,,,Burseraceae,Protium,hebetatum
2398,-2.5962019,-60.2077292,29,,,Fabaceae,Hymenea,sp
2399,-2.5962026,-60.2077315,95,,,Lecythidaceae,Gustavia,elliptica
2400,-2.5962113,-60.2077586,56,,,Annonaceae,Ephedranthus,amazonicus
2402,-2.5961975,-60.2077541,48,,,Sapindaceae,Matayba,purgans
2403,-2.5961947,-60.2077671,21,,,Fabaceae,Elizabetha,speciosa
2406,-2.596179,-60.207752,105,,,Myristicaceae,Iryanthera,paraensis
2407,-2.5961667,-60.2077573,25,,,Lecythidaceae,Eschweilera,wachenheimii
2408,-2.5961584,-60.2077532,23,,,Fabaceae,Inga,obidensis
2410,-2.5961573,-60.2077304,27,,,Fabaceae,Inga,bicoloriflora
2411,-2.5961498,-60.2077115,24,,,Annonaceae,Duguetia,flagellaris
2412,-2.5961495,-60.207698,28,,,Fabaceae,Swartzia,polyphylla
2413,-2.596145,-60.207701,26,,,Annonaceae,Duguetia,flagellaris
2414,-2.5961574,-60.2076906,24,,,Annonaceae,Duguetia,flagellaris
2415,-2.5961617,-60.2076861,64,,,Siparunaceae,Siparuna,cuspidata
2416,-2.5961689,-60.2076887,34,,,Celastraceae,Cheiloclinium,cognatum
2417,-2.5961111,-60.2076939,88,,,Fabaceae,Ormosia,paraensis
2418,-2.5961014,-60.2076902,97,,,Moraceae,Naucleopsis,ulei
2419,-2.5961181,-60.2077238,44,,,Chrysobalanaceae,Licania,heteromorpha
2420,-2.596211,-60.2076464,25,4.2,,Melastomataceae,Miconia,punctata
2421,-2.5962112,-60.2076619,28,4.48,,Annonaceae,Duguetia,flagellaris
2422,-2.5962158,-60.2076608,101,13.59,,Burseraceae,Protium,strumosum
2423,-2.5961951,-60.2076726,96,9.89,,,,
2424,-2.5961912,-60.2076649,22,,,,,
2425,-2.5961848,-60.2076607,21,4.9,,Sapotaceae,Pouteria,platyphylla
2426,-2.5961929,-60.2076484,49,9.22,,Humiriaceae,Vantanea,macrocarpa
2427,-2.5961944,-60.2076521,47,8.27,,Annonaceae,Annona,paludosa
2428,-2.5961999,-60.2076611,51,10.76,,Burseraceae,Protium,hebetatum
2430,-2.5961845,-60.207642,28,2.93,,Dichapetalaceae,Tapura,amazonica
2431,-2.5961673,-60.2076409,39,7.87,,Burseraceae,Protium,hebetatum
2432,-2.5961658,-60.2076607,27,5.93,,Burseraceae,Protium,hebetatum
2433,-2.5961636,-60.2076601,38,7.45,,Annonaceae,Duguetia,chrysea
2434,-2.5961579,-60.2076699,39,6.7,,Violaceae,Paypayrola,grandiflora
2435,-2.5961379,-60.2076554,66,10.39,,Chrysobalanaceae,Licania,longistyla
2436,-2.5961299,-60.2076613,67,11.43,,Lecythidaceae,Eschweilera,sagotiana
2437,-2.5961343,-60.207655,23,3.83,,Annonaceae,Duguetia,flagellaris
2438,-2.5961349,-60.2076454,49,7.04,,Moraceae,Brosimum,rubescens
2439,-2.5961285,-60.2076458,66,8.78,,Chrysobalanaceae,Licania,octandra
3001,-2.5967326,-60.2076106,209,23.37,1,Burseraceae,Protium,altsonii
3002,-2.5967739,-60.2075923,121,15.72,,Chrysobalanaceae,Licania,heteromorpha
3003,-2.596791,-60.207584,186,23.37,,Rubiaceae,Amaioua,glomerulata
3004,-2.5967951,-60.2075799,295,20.59,1,Chrysobalanaceae,Licania,laevigata
3005,-2.5967997,-60.2075663,158,18.4,,Urticaceae,Pourouma,mollis
3006,-2.5968404,-60.2075529,161,16.94,,Moraceae,Naucleopsis,caloneura
3007,-2.5967282,-60.2075555,115,12.93,,Lecythidaceae,Eschweilera,coriacea
3008,-2.5967347,-60.2075329,213,17.18,1,Peraceae,Pogonophora,schomburgkiana
3009,-2.5967358,-60.2075049,110,11.48,,Sapindaceae,Talisia,eximia
3010,-2.5967509,-60.2074937,131,19.13,,Annonaceae,Fusaea,longifolia
3011,-2.5967603,-60.2075063,184,13.91,,Elaeocarpaceae,Sloanea,floribunda
3012,-2.5967554,-60.2075143,135,20.05,,Fabaceae,Tachigali,sp
3013,-2.596799,-60.2075217,184,25.06,,Annonaceae,Duguetia,chrysea
3014,-2.5968325,-60.2075007,311,18.25,1,Lecythidaceae,Eschweilera,wachenheimii
3015,-2.5968412,-60.2074926,132,11.16,,Euphorbiaceae,Dodecastigma,amazonicum
3016,-2.5968222,-60.2074485,482,20.69,,Sapotaceae,Pouteria,anomala
3017,-2.5968331,-60.2074587,275,31.66,1,Burseraceae,Protium,pallidum
3018,-2.5968633,-60.2075016,109,13.11,,Meliaceae,Trichilia,rubra
3019,-2.5968885,-60.2075103,203,18.09,1,Fabaceae,Inga,umbratica
3020,-2.5969,-60.2074585,172,16.15,,Burseraceae,Protium,decandrum
3021,-2.5969233,-60.2074942,225,18.96,1,Sapotaceae,Micropholis,guyanensis
3022,-2.596949,-60.2075027,129,18.22,,Sapotaceae,Pouteria,reticulata
3023,-2.5969426,-60.2075059,108,13.09,,Moraceae,Brosimum,rubescens
3024,-2.5969651,-60.207529,696,20.59,,Apocynaceae,Aspidosperma,desmanthum
3025,-2.5969695,-60.2075392,103,11.87,,Violaceae,Rinorea,paniculata
3026,-2.5969011,-60.2075496,371,26.78,1,Sapotaceae,Micropholis,guyanensis
3027,-2.5968823,-60.2075593,130,12.91,,Burseraceae,Protium,hebetatum
3028,-2.5969283,-60.2075635,158,15.01,,Lecythidaceae,Eschweilera,wachenheimii
3029,-2.596935,-60.2075571,191,19.2,1,Lecythidaceae,Lecythis,gracieana
3030,-2.5969692,-60.207564,175,19.58,,Myrtaceae,Eugenia,sp
3031,-2.5969454,-60.2075659,106,17.22,,Sapotaceae,Pouteria,petiolata
3032,-2.5969573,-60.2075761,155,16.69,,Euphorbiaceae,Dodecastigma,amazonicum
3033,-2.5969743,-60.2075736,313,25.95,1,Lecythidaceae,Eschweilera,coriacea
3034,-2.5969419,-60.2075824,296,23.64,1,Nyctaginaceae,Neea,oppositifolia
3035,-2.5969272,-60.2076306,106,11.51,,Euphorbiaceae,Mabea,speciosa
3036,-2.5969387,-60.2076452,140,13.18,,Violaceae,Rinorea,paniculata
3037,-2.5969494,-60.2076494,160,17.06,,Lecythidaceae,Lecythis,prancei
3038,-2.5969198,-60.2076489,160,13.11,,Burseraceae,Protium,hebetatum
3039,-2.5969042,-60.2076338,137,14.4,,Chrysobalanaceae,Licania,pallida
3040,-2.5968645,-60.2075745,113,12.02,,Anisophyllaceae,Anisophyllea,manausensis
3041,-2.5968546,-60.2076491,149,16.14,,Annonaceae,Unonopsis,guatterioides
3042,-2.5968816,-60.2076657,162,14.62,,Salicaceae,Casearia,javitensis
3043,-2.5968657,-60.2076788,223,21.06,1,Lauraceae,Ocotea,matogrossensis
3044,-2.5967995,-60.2076933,567,26.95,,,,
3045,-2.5968101,-60.2076827,110,13.16,,Moraceae,Pseudolmedia,laevis
3046,-2.5968227,-60.2076567,165,16.51,1,Humiriaceae,Sacoglottis,guianensis
3047,-2.5968254,-60.2076451,117,15.85,,Burseraceae,Protium,decandrum
3048,-2.5968242,-60.2076406,255,19.4,1,,,
3049,-2.5968373,-60.2076179,153,15.4,,Fabaceae,Inga,umbratica
3050,-2.5968169,-60.2076148,104,15.24,,Annonaceae,Ephedranthus,amazonicus
3051,-2.5968185,-60.207596,208,19.54,1,Chrysobalanaceae,Licania,niloi
3052,-2.5967976,-60.2076148,243,18.04,1,Violaceae,Rinorea,paniculata
3053,-2.5967897,-60.2076171,327,31.51,1,Fabaceae,Swartzia,lamellata
3054,-2.5967827,-60.2076432,207,19.69,1,Lecythidaceae,Lecythis,zabucajo
3055,-2.5967807,-60.2076425,205,18.47,1,Lecythidaceae,Lecythis,zabucajo
3056,-2.596748,-60.2076414,157,17.84,,Malvaceae,Scleronema,micranthum
3301,-2.5967245,-60.207594,49,7.37,,Lecythidaceae,Eschweilera,parviflora
3302,-2.5967182,-60.2075835,82,13.45,,Fabaceae,Tachigali,sp
3303,-2.5967313,-60.2075906,25,3.97,,Fabaceae,Inga,obidensis
3304,-2.5967251,-60.2075645,30,4.32,,Myristicaceae,Virola,calophylla
3305,-2.596731,-60.2075465,23,3.72,,Fabaceae,Inga,paraensis
3307,-2.5967492,-60.207588,32,5.44,,Clusiaceae,Tovomita,hopkinsii
3308,-2.5967497,-60.2075947,23,4.63,,Annonaceae,Duguetia,asterotricha
3309,-2.596761,-60.2076045,95,13.75,,Burseraceae,Protium,altsonii
3310,-2.5967772,-60.2075955,30,7.11,,Sapindaceae,Talisia,sp
3311,-2.5967916,-60.2075996,33,6.27,,Myrtaceae,Myrcia,paivae
3312,-2.5968101,-60.2075795,21,3.84,,Erythroxylaceae,Erythroxylum,amplum
3313,-2.5968036,-60.20758,59,10.58,,Chrysobalanaceae,Licania,laevigata
3314,-2.5968149,-60.2075804,53,8.55,,Burseraceae,Protium,altsonii
3315,-2.5968212,-60.2075751,33,3.88,,Vochysiaceae,Erisma,bicolor
3319,-2.5968361,-60.2075405,54,9.44,,Lauraceae,Aniba,canelilla
3320,-2.5968112,-60.2075483,26,6.73,,Hypericaceae,Vismia,cauliflora
3321,-2.5967935,-60.2075652,99,13.43,,Lauraceae,Ocotea ,cujumary
3322,-2.5967731,-60.2075761,57,9.87,,Burseraceae,Protium,altsonii
3323,-2.5967723,-60.2075764,37,5.71,,Vochysiaceae,Erisma,bicolor
3324,-2.5967731,-60.2075761,39,7.71,,Burseraceae,Protium,apiculatum
3325,-2.5967723,-60.2075764,23,4.66,,Burseraceae,Protium,trifoliolatum
3328,-2.5967531,-60.2075656,23,4.72,,Sapotaceae,Chrysophyllum,argenteum
3329,-2.5967567,-60.2075621,93,11.36,,Burseraceae,Protium,pilosissimum
3330,-2.5967504,-60.2075552,62,11.73,,Burseraceae,Protium,pilosissimum
3331,-2.596741,-60.2075431,26,3.04,,Fabaceae,Peltogyne,paniculata
3332,-2.5967293,-60.207526,28,4.76,,Chrysobalanaceae,Couepia,canomensis
3333,-2.5967355,-60.2075004,85,14.63,,,,
3335,-2.5967417,-60.2074948,21,5.46,,Annonaceae,Duguetia,surinamensis
3336,-2.5967541,-60.2074846,49,8.25,,Burseraceae,Protium,altsonii
3337,-2.5967751,-60.2074891,42,7.3,,,,
3338,-2.5967672,-60.2075028,30,5.36,,Fabaceae,Pterocarpus,rohrii
3340,-2.5967821,-60.2075213,98,13.75,,Burseraceae,Protium,spruceanum
3341,-2.5967807,-60.2075208,35,7.77,,Chrysobalanaceae,Licania,caudata
3342,-2.596779,-60.2075264,41,6.4,,Sapotaceae,Micropholis,egensis
3343,-2.5967681,-60.2075294,51,9.5,,Myrtaceae,Myrcia,paivae
3344,-2.596756,-60.2075317,35,8.34,,Burseraceae,Protium,altsonii
3345,-2.5967606,-60.2075378,26,4.29,,Malvaceae,Scleronema,micranthum
3346,-2.5967783,-60.2075501,27,4.45,,Lauraceae,Ocotea ,cujumary
3347,-2.596772,-60.2075582,30,7.11,,Annonaceae,Duguetia,chrysea
3348,-2.5967804,-60.2075438,25,3.81,,Myristicaceae,Virola,calophylla
3349,-2.5968159,-60.2075363,40,6.68,,Lauraceae,Ocotea,percurrens
3350,-2.5968255,-60.2075097,58,11.12,,Annonaceae,Unonopsis,floribunda
3351,-2.5968323,-60.2075095,22,4.65,,Burseraceae,Protium,hebetatum
3352,-2.5968507,-60.2075249,43,9.17,,Burseraceae,Dacryodes,cuspidata
3353,-2.5968489,-60.2075195,40,8.74,,Fabaceae,Tachigali,sp.1
3354,-2.5968119,-60.2074963,28,6.32,,Fabaceae,Inga,laurina
3355,-2.5968202,-60.2074926,22,4.91,,Sapotaceae,Chrysophyllum,manaosense
3356,-2.5968033,-60.2074867,28,4.88,,Rubiaceae,Amaioua,glomerulata
3357,-2.5968091,-60.2074642,21,3.92,,Elaeocarpaceae,Sloanea,sinemariensis
3358,-2.5968157,-60.2074647,48,8.93,,Fabaceae,Inga,brachyrhachis
3359,-2.5968177,-60.207465,37,5.72,,Dichapetalaceae,Tapura,guianensis
3360,-2.5968199,-60.207465,97,12.61,,,,
3361,-2.5968284,-60.207453,59,11.97,,Elaeocarpaceae,Sloanea,guianensis
3362,-2.5968432,-60.2074712,40,6.68,,Fabaceae,Inga,thibaudiana
3363,-2.5968402,-60.2074634,30,4.02,,Siparunaceae,Siparuna,cuspidata
3364,-2.5968485,-60.2074871,27,4.24,,Melastomataceae,Henriettea,caudata
3365,-2.5968548,-60.2074872,32,3.92,,Dichapetalaceae,Tapura,guianensis
3366,-2.5968596,-60.2074968,40,5.27,,Lauraceae,Ocotea ,rhodophylla
3367,-2.5968638,-60.2074874,34,6.02,,Burseraceae,Protium,sp
3368,-2.5969057,-60.2074945,33,5.51,,Fabaceae,Swartzia,tomentifera
3370,-2.5968726,-60.2074801,35,6,,Sapotaceae,Pouteria,venosa
3371,-2.5968533,-60.2075586,44,7.78,,Burseraceae,Protium,hebetatum
3372,-2.5968669,-60.2075453,35,3.72,,Chrysobalanaceae,Licania,coriacea
3373,-2.5968699,-60.2075465,23,4.41,,Ebenaceae ,Diospyros,guianensis
3374,-2.5968921,-60.2075201,82,10.78,,Fabaceae,Bocoa,viridiflora
3376,-2.5968892,-60.2074968,30,6.3,,Lauraceae,Ocotea ,canaliculata
3377,-2.5968849,-60.2074978,32,5.51,,Siparunaceae,Siparuna,decipiens
3378,-2.5968834,-60.2074939,54,9.13,,Burseraceae,Protium,trifoliolatum
3379,-2.5968892,-60.2074769,73,13.36,,Lauraceae,Ocotea,cinerea
3380,-2.5968877,-60.2074726,30,4.58,,Burseraceae,Protium,hebetatum
3381,-2.5968995,-60.207452,29,2.9,,Annonaceae,Duguetia,flagellaris
3382,-2.5968897,-60.2074523,29,6.61,,Fabaceae,Tachigali,sp
3383,-2.5968759,-60.207454,24,4.99,,Meliaceae,Guarea,pubescens
3385,-2.5969294,-60.2074684,25,4.34,,Burseraceae,Protium,altsonii
3386,-2.5969433,-60.2074861,23,3.23,,Rubiaceae,Margaritopsis,podocephala
3387,-2.5969451,-60.2074839,33,6.07,,Violaceae,Paypayrola,grandiflora
3388,-2.5969487,-60.2074799,52,11.82,,Burseraceae,Protium,hebetatum
3389,-2.5969328,-60.2075116,32,5.2,,Burseraceae,Protium,hebetatum
3390,-2.5969139,-60.2075255,45,5.78,,Myrtaceae,Myrcia,fallax
3392,-2.5969141,-60.207532,95,13.48,,Salicaceae,Casearia,javitensis
3393,-2.5968989,-60.2075341,30,5.61,,Chrysobalanaceae,Hirtella,myrmecophila
3394,-2.5969045,-60.2075597,45,6.73,,Rubiaceae,Amaioua,glomerulata
3395,-2.5968885,-60.207568,102,12.07,,Siparunaceae,Siparuna,sarmentosa
3396,-2.5968905,-60.2075888,34,5.66,,Chrysobalanaceae,Hirtella,myrmecophila
3397,-2.5968861,-60.2075895,41,8.38,,Burseraceae,Protium,sp
3398,-2.5968719,-60.2076014,26,5.93,,Urticaceae,Pourouma,cuspidata
3399,-2.5968595,-60.2075977,21,4.38,,,,
3400,-2.5968668,-60.2075928,24,3.8,,Erythroxylaceae,Erythroxylum,amplum
3401,-2.5969244,-60.2075499,40,3.94,,Lauraceae,Aniba,canelilla
3402,-2.596918,-60.2075541,30,4.3,,Fabaceae,Tachigali,sp
3403,-2.5969139,-60.2075564,23,4.33,,Erythroxylaceae,Erythroxylum,macrophyllum
3404,-2.5969217,-60.2075495,67,10.96,,Burseraceae,Protium,hebetatum
3405,-2.5969239,-60.207561,24,,,Sapindaceae,Toulicia,pulvinata
3406,-2.5969389,-60.2075525,40,6.19,,Annonaceae,Duguetia,flagellaris
3407,-2.5969387,-60.2075437,49,8.01,,Fabaceae,Swartzia,cuspidata
3408,-2.5969589,-60.2075511,30,4.89,,Violaceae,Paypayrola,grandiflora
3409,-2.5969597,-60.2075558,32,5.02,,Fabaceae,Swartzia,polyphylla
3410,-2.5969325,-60.2075579,63,12.89,,Lauraceae,Ocotea,cinerea
3411,-2.5969202,-60.2075617,65,8.74,,Burseraceae,Protium,hebetatum
3413,-2.5969777,-60.2075532,57,7.8,,Burseraceae,Protium,trifoliolatum
3414,-2.5969785,-60.2075787,37,6.66,,Annonaceae,Duguetia,flagellaris
3415,-2.59696,-60.2075823,40,5.75,,,,
3416,-2.5969537,-60.2075812,45,6.92,,Sapotaceae,Pouteria,pallens
3418,-2.5969286,-60.2075982,25,5.66,,Lecythidaceae,Eschweilera,pedicellata
3419,-2.5969115,-60.2075923,29,5.44,,Lauraceae,Ocotea ,nigrescens
3420,-2.5969567,-60.2075994,46,9.45,,Meliaceae,Trichilia,pleeana
3421,-2.5969563,-60.2076007,22,4.12,,Lauraceae,Aniba,megaphylla
3422,-2.5969532,-60.2076096,23,3.92,,Rubiaceae,Faramea,torquata
3423,-2.5969623,-60.2076113,23,,,Annonaceae,Duguetia,asterotricha
3424,-2.5969447,-60.2076286,23,3.28,,Violaceae,Paypayrola,grandiflora
3425,-2.5969444,-60.2076435,65,9.76,,Boraginaceae,Cordia,fallax
3426,-2.5969318,-60.2076455,40,8.03,,Elaeocarpaceae,Sloanea,laurifolia
3427,-2.5969252,-60.2076394,38,6.48,,Burseraceae,Protium,hebetatum
3428,-2.5969406,-60.2076164,85,16.16,,Euphorbiaceae,Micrandropsis,scleroxylon
3429,-2.596931,-60.2076071,102,,,Lauraceae,Ocotea ,rhodophylla
3430,-2.5969224,-60.2076117,42,6.17,,Picrodendraceae,Podocalyx,loranthoides
3431,-2.5969137,-60.2076088,61,11.58,,Burseraceae,Protium,aracouchini
3432,-2.596909,-60.2076152,27,4.09,,Violaceae,Paypayrola,grandiflora
3433,-2.5969093,-60.2076153,67,8.41,,Lecythidaceae,Eschweilera,wachenheimii
3434,-2.5968934,-60.207606,38,7.01,,Lauraceae,Ocotea,pachycarpa
3435,-2.5968763,-60.2076138,88,10.47,,Lecythidaceae,Eschweilera,truncata
3436,-2.5968705,-60.2076024,32,5.57,,Annonaceae,Duguetia,asterotricha
3437,-2.5968766,-60.2076298,52,5.89,,Violaceae,Paypayrola,grandiflora
3438,-2.5968916,-60.2076317,30,2.8,,Violaceae,Paypayrola,grandiflora
3439,-2.5968948,-60.2076404,57,11.68,,Fabaceae,Tachigali,sp.1
3440,-2.5968945,-60.2076447,65,8.03,,Chrysobalanaceae,Licania,heteromorpha
3441,-2.596903,-60.2076566,91,14.01,,Malvaceae,Pachira,macrocalyx
3443,-2.5969229,-60.20766,44,4.52,,Annonaceae,Duguetia,flagellaris
3444,-2.596926,-60.2076735,33,8.12,,Chrysobalanaceae,Hirtella,ducke/myrmecophila
3445,-2.5969113,-60.2076724,35,6.2,,Apocynaceae,Tabernaemontana ,muricata
3447,-2.5968829,-60.2076658,49,5.28,,,,
3449,-2.5968416,-60.2076,49,4.91,,Myrtaceae,Eugenia,sp
3450,-2.596851,-60.2076244,40,6.55,,Myristicaceae,Virola,calophylla
3451,-2.5968354,-60.2076298,30,3.73,,,,
3452,-2.5968536,-60.2076432,30,5.82,,Chrysobalanaceae,Licania,laxiflora
3453,-2.5968568,-60.2076512,57,7,,Anacardiaceae,Astronium,lecointei
3455,-2.5968638,-60.2076666,35,6.07,,Humiriaceae,Vantanea,guianensis
3456,-2.5968711,-60.2076589,58,9.01,,Melastomataceae,Miconia,punctata
3457,-2.5968529,-60.2076809,24,4.13,,Annonaceae,Duguetia,trunciflora
3458,-2.5968486,-60.2076828,30,5.81,,Euphorbiaceae,Mabea,speciosa
3459,-2.5968564,-60.2076917,50,8.9,,Annonaceae,Onychopetalum,amazonicum
3460,-2.5968472,-60.2077017,40,5.5,,Annonaceae,Duguetia,flagellaris
3461,-2.5968475,-60.20769,31,5.72,,Burseraceae,Protium,hebetatum
3463,-2.5968264,-60.2076968,30,3.09,,,,
3464,-2.596821,-60.2076911,30,5.01,,Annonaceae,Duguetia,flagellaris
3465,-2.5968108,-60.2076976,33,4.89,,Ebenaceae ,Diospyros,guianensis
3466,-2.5968047,-60.207688,41,6.65,,Siparunaceae,Siparuna,cuspidata
3467,-2.596829,-60.2076863,30,6.57,,Lecythidaceae,Eschweilera,tessmannii
3468,-2.5968198,-60.2076862,27,5.19,,Lecythidaceae,Eschweilera,truncata
3469,-2.5968056,-60.2076903,32,4.79,,Violaceae,Paypayrola,grandiflora
3470,-2.5968109,-60.2076604,30,4.11,,Lecythidaceae,Eschweilera,wachenheimii
3472,-2.5968473,-60.2076172,26,7.13,,Lauraceae,Ocotea,cinerea
3473,-2.5968363,-60.2076338,25,4.44,,Lecythidaceae,Eschweilera,truncata
3474,-2.5968366,-60.2076248,68,11.97,,Burseraceae,Protium,hebetatum
3475,-2.5968268,-60.2076311,49,7.88,,Myrtaceae,Eugenia,sp
3476,-2.5968182,-60.2076361,33,8.73,,Anacardiaceae,Astronium,lecointei
3477,-2.5968138,-60.2076245,75,9.4,,Lecythidaceae,Eschweilera,wachenheimii
3478,-2.5968085,-60.2076318,40,5.68,,,,
3479,-2.596798,-60.2076259,85,12.44,,Burseraceae,Dacryodes,cuspidata
3480,-2.5967936,-60.2076225,40,7.5,,Meliaceae,Guarea,carinata
3481,-2.5967852,-60.2076182,55,10.2,,Salicaceae,Casearia,javitensis
3482,-2.5967842,-60.2076411,31,7.98,,Euphorbiaceae,Mabea,speciosa
3483,-2.5967803,-60.2076472,30,5.66,,Erythroxylaceae,Erythroxylum,amplum
3484,-2.5967832,-60.2076499,65,7.4,,Chrysobalanaceae,Couepia,canomensis
3485,-2.5967781,-60.2076654,75,9.98,,Burseraceae,Protium,hebetatum
3486,-2.5967721,-60.2076605,27,4.52,,Annonaceae,Duguetia,stelechantha
3487,-2.5967762,-60.2076761,54,,,,,
3488,-2.5967783,-60.2076254,33,5.2,,Erythroxylaceae,Erythroxylum,amplum
3489,-2.5967574,-60.2076342,25,4.51,,Lecythidaceae,Eschweilera,collina
3490,-2.5967547,-60.2076343,30,6.32,,Chrysobalanaceae,Licania,sp.2
3491,-2.5967717,-60.2076478,30,6.44,,Burseraceae,Protium,altsonii
3492,-2.5967576,-60.2076617,25,5.17,,Sapindaceae,Cupania,hispida
3493,-2.5967364,-60.2076179,45,8.64,,Burseraceae,Protium,hebetatum
3494,-2.5967361,-60.2076143,29,4.03,,Melastomataceae,Henriettea,caudata
4001,-2.598168,-60.2071128,354,21.38,1,Euphorbiaceae,Micrandropsis,scleroxylon
4002,-2.5980889,-60.2070782,369,25.9,,Myristicaceae,Iryanthera,laevis
4003,-2.5980926,-60.2070668,112,15.89,,Fabaceae,Ormosia,paraensis
4004,-2.5981439,-60.2070528,208,23.3,1,Lecythidaceae,Eschweilera,wachenheimii
4005,-2.5981461,-60.2070426,107,15,,Euphorbiaceae,Mabea,angularis
4006,-2.5981406,-60.2070165,141,18.26,,Sapotaceae,Pouteria,caimito
4007,-2.5981499,-60.2069987,127,11.02,,Moraceae,Helianthostylis,sprucei
4008,-2.5981184,-60.2070131,218,22.92,,Fabaceae,Machaerium,sp
4009,-2.5981881,-60.2069894,355,27.15,1,na,na,na
4010,-2.5981932,-60.2069906,222,23.82,1,Sapotaceae,Pouteria,erythrochrysa
4011,-2.5981971,-60.2070385,156,21.57,,Lecythidaceae,Eschweilera,truncata
4012,-2.5981962,-60.2070476,159,26.23,,Annonaceae,Annona,ambotay
4013,-2.5982144,-60.2070673,150,20.43,,Euphorbiaceae,Micrandropsis,scleroxylon
4014,-2.598234,-60.2070276,180,19.23,,Lecythidaceae,Eschweilera,wachenheimii
4015,-2.5982274,-60.2071091,193,22.1,1,Lecythidaceae,Eschweilera,wachenheimii
4016,-2.5982525,-60.2070309,147,14.85,,Lecythidaceae,Eschweilera,sagotiana
4017,-2.5982745,-60.2070022,467,25.94,1,Lecythidaceae,Lecythis,prancei
4018,-2.598289,-60.2070099,165,20.82,,Fabaceae,Zygia,coccinea
4019,-2.5983121,-60.2070445,212,23.34,1,Lecythidaceae,Eschweilera,collina
4020,-2.5983035,-60.2070549,205,20.66,1,Lecythidaceae,Eschweilera,micrantha
4021,-2.598283,-60.2070813,331,35.12,1,Chrysobalanaceae,Licania,micrantha
4022,-2.5982776,-60.2071005,114,18.4,,Lecythidaceae,Eschweilera,sagotiana
4023,-2.5983224,-60.207117,145,17.28,,Lecythidaceae,Eschweilera,wachenheimii
4024,-2.5983512,-60.2070895,107,17.51,,Violaceae,Rinorea,racemosa
4025,-2.5983322,-60.2071233,153,19.71,,Sapotaceae,Pouteria,guianensis
4026,-2.5983122,-60.2071376,236,25.81,1,Chrysobalanaceae,Licania,impressa
4027,-2.5982887,-60.2071429,126,18.26,,Vochysiaceae,Erisma,bicolor
4028,-2.5982771,-60.2071521,320,28.82,1,Lecythidaceae,Eschweilera,pedicellata
4029,-2.5982577,-60.2071517,151,18.65,,Lecythidaceae,Eschweilera,wachenheimii
4030,-2.598256,-60.207151,110,14.88,,Siparunaceae,Siparuna,decipiens
4031,-2.5982506,-60.2071364,127,24.61,,Fabaceae,Bocoa,viridiflora
4032,-2.5982558,-60.2071939,130,16.36,,Lecythidaceae,Eschweilera,wachenheimii
4033,-2.5982635,-60.2072036,157,18.8,,Fabaceae,Tachigali,paniculata
4034,-2.5982669,-60.2072137,120,16.23,,Euphorbiaceae,Mabea,speciosa
4036,-2.5982473,-60.2072238,196,13.06,,Chrysobalanaceae,Licania,coriacea
4037,-2.598226,-60.2072137,305,31.84,1,Chrysobalanaceae,Licania,heteromorpha
4038,-2.5982241,-60.2071905,126,15.59,,Euphorbiaceae,Dodecastigma,amazonicum
4039,-2.5982119,-60.2071915,422,34.22,1,Fabaceae,Hymenolobium,sp.2
4040,-2.5982084,-60.2072043,110,16.97,,Euphorbiaceae,Mabea,angularis
4041,-2.5982057,-60.2072076,125,13.9,,Fabaceae,Swartzia,tomentifera
4042,-2.598192,-60.2072264,223,18.82,,Fabaceae,Inga,laurina
4043,-2.5981849,-60.2072054,495,29.3,1,Sapotaceae,Ecclinusa,guianensis
4044,-2.5982017,-60.2071878,107,13.51,,Annonaceae,fusaea,longifolia
4045,-2.5981994,-60.2071645,234,21.38,1,Lecythidaceae,Eschweilera,cyathiformis
4046,-2.5981726,-60.207189,379,15.59,1,Fabaceae,Swartzia,reticulata
4047,-2.5981329,-60.2071672,149,15.39,,Lecythidaceae,Eschweilera,wachenheimii
4048,-2.5981259,-60.2071608,208,19.32,,Sapotaceae,Pouteria,cuspidata
4049,-2.5981366,-60.2071491,225,20.9,1,Chrysobalanaceae,Licania,laevigata
4050,-2.5981093,-60.2071742,105,11.64,,Violaceae,Rinorea,racemosa
4051,-2.5981418,-60.2071447,112,18.23,,Fabaceae,Swartzia,panacoco
4401,-2.5980926,-60.2070903,28,6.62,,Sapindaceae,Cupania,hispida
4402,-2.598091,-60.2070598,80,11.9,,Lecythidaceae,Eschweilera,wachenheimii
4404,-2.5981153,-60.2070638,71,9.44,,Moraceae,Sorocea,muriculata
4405,-2.5981217,-60.2070736,71,10.87,,Lecythidaceae,Eschweilera,collina
4406,-2.598136,-60.2070659,24,3.94,,Salicaceae,Ryania,speciosa
4407,-2.5981494,-60.207059,56,9.89,,Rubiaceae,Amaioua,glomerulata
4408,-2.5981401,-60.2070486,22,3.91,,Burseraceae,Protium,hebetatum
4409,-2.5981339,-60.2070746,24,4.39,,Annonaceae,Duguetia,flagellaris
4410,-2.5981653,-60.2070826,64,11.16,,Lecythidaceae,Eschweilera,collina
4411,-2.5981752,-60.2070672,62,11.61,,Violaceae,Rinorea,paniculata
4413,-2.5981939,-60.207072,28,4.67,,Violaceae,Paypayrola,grandiflora
4415,-2.598188,-60.2070928,22,3.76,,Vochysiaceae,Erisma,bicolor
4416,-2.5981916,-60.2070998,30,5.74,,Sapindaceae,Talisia,cupularis
4417,-2.5981884,-60.207058,38,6.2,,Moraceae,Helianthostylis,sprucei
4418,-2.5981895,-60.2070527,53,8.69,,Fabaceae,Andira,sp.1
4420,-2.5981778,-60.2070263,29,6.3,,Lecythidaceae,Eschweilera,wachenheimii
4421,-2.5981587,-60.2070323,27,6.52,,Burseraceae,Protium,hebetatum
4422,-2.5981548,-60.2070322,32,6.96,,Fabaceae,Andira,sp.1
4423,-2.5981414,-60.2070222,74,10.71,,Lecythidaceae,Eschweilera,wachenheimii
4426,-2.5981406,-60.2069914,40,7.1,,Lecythidaceae,Eschweilera,wachenheimii
4427,-2.5981455,-60.2069881,26,4.9,,Annonaceae,Duguetia,flagellaris
4429,-2.5981536,-60.2070236,56,8.52,,Lecythidaceae,Eschweilera,wachenheimii
4430,-2.5981492,-60.2070213,20,4.09,,na,na,na
4432,-2.5981962,-60.2070202,69,10.29,,Fabaceae,Andira,sp.1
4433,-2.5981981,-60.207019,33,6.52,,Fabaceae,Tachigali,paniculata
4434,-2.5981945,-60.2070152,51,8.42,,Moraceae,Naucleopsis,caloneura
4436,-2.5981862,-60.2070038,50,6.8,,Violaceae,Paypayrola,grandiflora
4437,-2.5981607,-60.2070072,28,,,Euphorbiaceae,Dodecastigma,amazonicum
4438,-2.5981795,-60.2069852,43,7.53,,Annonaceae,Duguetia,flagellaris
4439,-2.598295,-60.2070194,32,5.01,,Violaceae,Paypayrola,grandiflora
4440,-2.5982317,-60.2070088,23,3.98,,Myrtaceae,Eugenia,sp.2
4441,-2.5982596,-60.2070669,24,5.96,,Lauraceae,Endlicheria,sp.1
4442,-2.5982403,-60.2070552,97,14.53,,Euphorbiaceae,Micrandropsis,scleroxylon
4443,-2.5982391,-60.2070473,31,4.87,,Violaceae,Paypayrola,grandiflora
4445,-2.5982408,-60.2070629,28,4.93,,Annonaceae,Duguetia,flagellaris
4446,-2.5982425,-60.2070608,26,3.89,,Violaceae,Amphirrhox,longifolia
4447,-2.5982228,-60.2070675,25,4.52,,Euphorbiaceae,Micrandropsis,scleroxylon
4448,-2.5982233,-60.2070839,18,3.03,,Rubiaceae,Margaritopsis,podocephala
4449,-2.598251,-60.2070449,22,3.84,,Lauraceae,Ocotea,scabrella
4450,-2.5982467,-60.2070376,57,12.64,,Fabaceae,Swartzia,tomentifera
4451,-2.598251,-60.2070162,34,5.37,,Vochysiaceae,Erisma,bicolor
4452,-2.5982556,-60.2070114,25,5.31,,Fabaceae,Zygia,juruana
4453,-2.5982411,-60.2069829,35,4.07,,Euphorbiaceae,Senefeldera,macrophylla
4454,-2.598235,-60.2069727,75,10.99,,Euphorbiaceae,Senefeldera,macrophylla
4455,-2.5982605,-60.2069831,41,7.34,,Euphorbiaceae,Mabea,angularis
4456,-2.5982851,-60.2069832,90,11.81,,Euphorbiaceae,Hevea,guianensis
4457,-2.5982803,-60.206989,39,7.13,,Euphorbiaceae,Mabea,angularis
4458,-2.5982711,-60.2069846,23,5.18,,Fabaceae,Swartzia,reticulata
4459,-2.5982714,-60.2070017,25,5.36,,Burseraceae,Protium,aracouchini
4460,-2.5982642,-60.2070213,25,4.14,,Annonaceae,Duguetia,flagellaris
4461,-2.5982625,-60.2070285,28,5.76,,Burseraceae,Protium,hebetatum
4462,-2.5982673,-60.2070253,22,4.19,,Melastomataceae,Mouriri,nigra
4463,-2.5982612,-60.2070406,36,3.69,,Phyllanthaceae,Phyllanthus ,sp
4464,-2.5982627,-60.2070416,43,8.59,,Erythroxylaceae,Erythroxylum,mucronatum
4465,-2.5982377,-60.2070856,31,4.47,,Lecythidaceae,Eschweilera,grandiflora
4466,-2.5982631,-60.2070586,21,4.54,,Fabaceae,Tachigali,sp.2
4467,-2.5982724,-60.2070402,26,5.29,,Fabaceae,Andira,parviflora
4468,-2.5982849,-60.2070345,20,4.76,,Annonaceae,Duguetia,flagellaris
4469,-2.5982802,-60.2070301,55,5.45,,Siparunaceae,Siparuna,sarmentosa
4470,-2.5982787,-60.2070289,29,,,Fabaceae,Swartzia,sp
4471,-2.5982893,-60.2070339,33,6.97,,Annonaceae,Unonopsis,floribunda
4472,-2.5982953,-60.2070323,23,4,,Lecythidaceae,Couratari,stellata
4473,-2.5982969,-60.2070314,30,4.35,,Annonaceae,Duguetia,flagellaris
4474,-2.5983074,-60.2070326,30,4.95,,Meliaceae,Guarea,kunthiana
4475,-2.5983014,-60.2070255,44,7.68,,Annonaceae,Unonopsis,floribunda
4476,-2.5983093,-60.2070206,69,11.16,,Lecythidaceae,Eschweilera,wachenheimii
4477,-2.5983235,-60.2070301,66,12.63,,Fabaceae,Zygia,coccinea
4478,-2.5982948,-60.2070457,47,9.51,,Chrysobalanaceae,Licania,sandwithii 
4479,-2.5982902,-60.2070536,25,3.73,,Lecythidaceae,Eschweilera,grandiflora
4480,-2.5982806,-60.2070571,31,5.89,,Annonaceae,Duguetia,flagellaris
4481,-2.5982631,-60.2070587,22,4.04,,Violaceae,Rinorea,paniculata
4482,-2.5982606,-60.2071045,20,3.93,,Annonaceae,Duguetia,flagellaris
4483,-2.5982426,-60.2070956,79,6.95,,Moraceae,Helianthostylis,sprucei
4484,-2.5982553,-60.207104,33,8,,Sapotaceae,Pouteria,freitasii
4485,-2.5982694,-60.2070882,21,3.37,,Annonaceae,Duguetia,flagellaris
4486,-2.5982878,-60.2070876,35,7.03,,Fabaceae,Pterocarpus,rohrii
4487,-2.5982842,-60.207087,59,10.19,,Lecythidaceae,Eschweilera,collina
4488,-2.5982873,-60.2070803,95,18.66,,Humiriaceae,Vantanea,macrocarpa
4490,-2.5982898,-60.2070983,24,3.82,,Violaceae,Amphirrhox,longifolia
4492,-2.5983022,-60.2070862,19,5.1,,Fabaceae,Zygia,juruana
4495,-2.5982973,-60.2070663,49,8.18,,Burseraceae,Protium,hebetatum
4496,-2.5982957,-60.2070649,62,11.79,,Malvaceae,Theobroma,sylvestre
4497,-2.5983156,-60.2070659,34,7.68,,Fabaceae,Zygia,coccinea
4499,-2.5983232,-60.2070636,21,4.34,,Annonaceae,Duguetia,flagellaris
4500,-2.5983236,-60.2070617,32,6.47,,Sapotaceae,Pouteria,freitasii
4501,-2.5983307,-60.2070766,21,3.45,,Annonaceae,Duguetia,flagellaris
4502,-2.598339,-60.207088,22,3.74,,Burseraceae,Protium,hebetatum
4503,-2.5983485,-60.2070917,54,9.96,,Euphorbiaceae,Senefeldera,macrophylla
4504,-2.5983494,-60.2070955,30,7.4,,Burseraceae,Protium,apiculatum
4505,-2.5983486,-60.2070962,32,4.55,,Myristicaceae,Virola,calophylla
4506,-2.5983453,-60.2071113,25,4.57,,Melastomataceae,Henriettea,caudata
4507,-2.5983185,-60.2071091,59,8.03,,Fabaceae,Swartzia,ingifolia
4508,-2.5983275,-60.2071257,44,13.95,,Moraceae,Brosimum,guianense
4509,-2.5983351,-60.2071322,24,5.37,,Lecythidaceae,Gustavia,elliptica
4510,-2.5983362,-60.2071432,22,1.85,,Annonaceae,Duguetia,flagellaris
4511,-2.5983314,-60.207141,48,8.09,,Annonaceae,Duguetia,flagellaris
4512,-2.5983336,-60.2071496,38,7.03,,Dichapetalaceae,Tapura,amazonica
4513,-2.5983324,-60.2071543,25,6.65,,Annonaceae,Ephedranthus,amazonicus
4514,-2.5983298,-60.2071535,40,8.32,,Nyctaginaceae,Neea,floribunda
4515,-2.5983282,-60.207157,83,13.64,,Rubiaceae,Amaioua,glomerulata
4516,-2.5983158,-60.2071511,35,5.79,,Chrysobalanaceae,Licania,sp.2
4517,-2.5983164,-60.2071374,69,14.46,,Euphorbiaceae,Micrandropsis,scleroxylon
4518,-2.5983167,-60.2071335,31,9.1,,Fabaceae,Zygia,juruana
4519,-2.598297,-60.2071024,20,3.31,,Annonaceae,Duguetia,flagellaris
4520,-2.598272,-60.2071162,26,5.27,,Sapotaceae,Pouteria,venosa
4521,-2.5982799,-60.2071212,45,8.34,,Fabaceae,Zygia,sp
4522,-2.5982955,-60.2071284,42,9.8,,Burseraceae,Protium,hebetatum
4523,-2.5982763,-60.2071331,21,4.19,,Burseraceae,Protium,hebetatum
4524,-2.5982911,-60.2071417,30,4.9,,Sapotaceae,Pouteria,cladantha
4525,-2.5983023,-60.2071401,66,9.56,,Lecythidaceae,Couratari,stellata
4526,-2.5982978,-60.2071577,43,7.4,,Fabaceae,Macrolobium,prancei
4527,-2.5982845,-60.2071516,91,15.79,,Euphorbiaceae,Mabea,angularis
4528,-2.5982927,-60.2071167,72,13.18,,Fabaceae,Bocoa,viridiflora
4530,-2.5982636,-60.2070817,58,10.06,,Fabaceae,Swartzia,tomentifera
4531,-2.5982626,-60.2070841,36,9.15,,Fabaceae,Zygia,ramiflora
4533,-2.5982439,-60.207115,23,4.98,,Euphorbiaceae,Micrandropsis,scleroxylon
4534,-2.5982393,-60.2071182,53,12.19,,Fabaceae,Swartzia,tomentifera
4535,-2.5982448,-60.2071563,40,5,,Sapotaceae,Pouteria,erythrochrysa
4536,-2.5982408,-60.2071626,38,5.05,,Violaceae,Paypayrola,grandiflora
4537,-2.5982934,-60.20717,62,10.5,,Euphorbiaceae,Mabea,angularis
4538,-2.5982917,-60.2071716,31,5.55,,Annonaceae,Duguetia,flagellaris
4539,-2.5983174,-60.2071704,24,5.57,,na,na,na
4540,-2.5983012,-60.207198,43,7.05,,Myrsinaceae,Cybianthus,guyanensis
4541,-2.5982905,-60.2071905,41,7.54,,Annonaceae,Fusaea,longifolia
4542,-2.5982945,-60.2072087,42,8.33,,Burseraceae,Protium,strumosum
4543,-2.5982875,-60.2072015,53,10.61,,Euphorbiaceae,Senefeldera,macrophylla
4544,-2.5982816,-60.2071902,35,7.07,,Burseraceae,Protium,hebetatum
4545,-2.5982684,-60.2072038,27,6.55,,Loganiaceae,Strychnos,sp
4546,-2.5982635,-60.207203,24,4.48,,Annonaceae,Bocageopsis,multiflora
4547,-2.598275,-60.2072195,16,4.13,,Fabaceae,Inga,obidensis
4548,-2.5982533,-60.2072213,49,7.46,,Lecythidaceae,Eschweilera,grandiflora
4549,-2.5982342,-60.2071916,85,10.41,,Violaceae,Paypayrola,grandiflora
4550,-2.5982304,-60.207174,21,4.36,,Phyllanthaceae,Phyllanthus ,sp
4551,-2.5982153,-60.2072161,21,1.95,,Siparunaceae,Siparuna,decipiens
4552,-2.5982029,-60.2072303,21,4.51,,Annonaceae,Unonopsis,guatterioides
4553,-2.5982038,-60.2072088,41,10.19,,Apocynaceae,Aspidosperma,excelsum
4554,-2.5981996,-60.207207,33,5.88,,Dichapetalaceae,Tapura,lanceolata
4555,-2.5981825,-60.2072226,72,10.65,,Lecythidaceae,Eschweilera,wachenheimii
4556,-2.5982622,-60.2071838,27,4.6,,Annonaceae,Duguetia,flagellaris
4557,-2.5982335,-60.207192,63,11.97,,Euphorbiaceae,Hevea,guianensis
4559,-2.5982172,-60.2071677,43,7.02,,Sapotaceae,Pouteria,guianensis
4560,-2.5981983,-60.207182,21,3.61,,Annonaceae,Duguetia,flagellaris
4561,-2.598186,-60.2071903,19,4.62,,Moraceae,Helianthostylis,sprucei
4562,-2.5981824,-60.2071939,36,6.55,,Annonaceae,Duguetia,flagellaris
4563,-2.5981741,-60.2072063,102,16.1,,Burseraceae,Protium,hebetatum
4564,-2.5981652,-60.2072158,19,3.5,,Elaeocarpaceae,Sloanea,pubescens
4565,-2.5981562,-60.207212,20,3.72,,Burseraceae,Protium,trifoliolatum
4566,-2.598152,-60.2072064,19,3.75,,Rubiaceae,Amaioua,glomerulata
4567,-2.5981556,-60.2071981,30,4.33,,Annonaceae,Duguetia,asterotricha
4568,-2.5981636,-60.2072041,77,9.28,,Myristicaceae,Iryanthera,juruensis
4569,-2.5981713,-60.207189,98,12.87,,Lecythidaceae,Eschweilera,wachenheimii
4570,-2.5981773,-60.2071896,27,5.77,,Violaceae,Paypayrola,grandiflora
4571,-2.5981966,-60.2071722,55,14.25,,Euphorbiaceae,Senefeldera,macrophylla
4573,-2.5982,-60.2071366,37,7.46,,Fabaceae,Zygia,juruana
4574,-2.5982037,-60.2071219,20,3.52,,Violaceae,Paypayrola,grandiflora
4575,-2.5982137,-60.2071124,66,10.43,,Burseraceae,Protium,divaricatum
4576,-2.59822,-60.2071039,22,5.05,,Euphorbiaceae,Mabea,angularis
4577,-2.598199,-60.2071065,25,4.34,,Annonaceae,Duguetia,flagellaris
4578,-2.598189,-60.2071191,26,4.54,,Annonaceae,Duguetia,flagellaris
4579,-2.5981717,-60.2071465,38,6.38,,Sapotaceae,Pouteria,cladantha
4580,-2.5981574,-60.2071332,58,7.5,,Fabaceae,Inga,brachyrhachis
4581,-2.5981521,-60.2071455,80,15.81,,Fabaceae,Zygia,coccinea
4583,-2.5981435,-60.2071622,28,7.16,,Myrtaceae,Myrcia,magnoliifolia
4584,-2.5981493,-60.2071737,27,5.07,,Lecythidaceae,Eschweilera,grandiflora
4585,-2.598153,-60.2071799,107,16.5,,Euphorbiaceae,Hevea,guianensis
4588,-2.5981242,-60.2071894,32,5.22,,Annonaceae,Duguetia,flagellaris
4590,-2.5981031,-60.2071537,26,2.91,,Melastomataceae,Henriettea,caudata
4591,-2.5981132,-60.2071515,30,4.56,,Burseraceae,Protium,strumosum
4592,-2.5981351,-60.2071556,28,6.9,,Euphorbiaceae,Micrandropsis,scleroxylon
4593,-2.5981144,-60.2071382,26,4.73,,Burseraceae,Protium,hebetatum
4594,-2.5981024,-60.2071217,43,7.84,,Violaceae,Rinorea,racemosa
4595,-2.5980943,-60.2071277,19,3.81,,Burseraceae,Protium,hebetatum
4596,-2.5981359,-60.2071184,21,4.63,,Fabaceae,Inga,stipularis
4597,-2.5981339,-60.2071179,26,3.52,,na,na,na
4598,-2.5981415,-60.2071082,28,4.69,,Fabaceae,Tachigali,paniculata
4599,-2.5981328,-60.2071042,71,11.45,,Euphorbiaceae,Micrandropsis,scleroxylon
4600,-2.5981157,-60.2071005,41,10.67,,Sapindaceae,Matayba,purgans
4602,-2.5981062,-60.2070635,30,4.92,,Annonaceae,Duguetia,flagellaris
4603,-2.5981267,-60.2070951,21,4.56,,Annonaceae,Unonopsis,stipitata
4604,-2.5981411,-60.2070828,28,5.82,,Euphorbiaceae,Senefeldera,macrophylla
4605,-2.598162,-60.2070952,26,5.28,,Fabaceae,Andira,sp.1
4606,-2.5981604,-60.2070939,21,4.08,,Burseraceae,Protium,hebetatum
4607,-2.5981731,-60.207106,25,3.55,,Annonaceae,Duguetia,flagellaris
4608,-2.5981919,-60.2070716,24,3.92,,Annonaceae,Duguetia,asterotricha
6001,-2.5957884,-60.2066616,334,,1,Chrysobalanaceae,Licania,coriacea
6002,-2.5957929,-60.206655,237,,1,Lecythidaceae,Eschweilera,micrantha
6003,-2.5957476,-60.2066491,307,,1,Fabaceae,Zygia,racemosa
6004,-2.5957654,-60.2066334,183,,,Lecythidaceae,Eschweilera,wachenheimii
6005,-2.5957683,-60.2065963,183,,,Picramniaceae,Picramnia,sp
6006,-2.5957575,-60.2065787,447,,,Sapotaceae,Pouteria,filipes
6007,-2.5958048,-60.2066129,139,,,na,na,na
6008,-2.5958458,-60.2066362,317,,1,Sapotaceae,Pouteria,reticulata
6009,-2.5958469,-60.2066115,191,,,Fabaceae,Zygia,racemosa
6010,-2.5958507,-60.2066154,120,,,Annonaceae,Fusaea,longifolia
6011,-2.595858,-60.2065504,252,,1,Lauraceae,Ocotea,subterminalis
6012,-2.5958868,-60.2065923,493,,1,Malvaceae,Scleronema,micranthum
6013,-2.5958814,-60.2066296,134,,,Burseraceae,Protium,hebetatum
6014,-2.5958943,-60.2066132,168,,,Sapotaceae,Pouteria,caimito
6015,-2.5959128,-60.2065862,229,,1,Lauraceae,Mezilaurus,manausensis
6016,-2.5959054,-60.2065754,137,,,Lecythidaceae,Eschweilera,truncata
6017,-2.5959205,-60.206571,172,,,Lecythidaceae,Lecythis,poiteaui
6021,-2.5959162,-60.2066344,218,,1,Myrtaceae,Myrcia,citrifolia
6022,-2.5958944,-60.2066374,364,,1,Sapotaceae,Pouteria,rostrata
6023,-2.5958943,-60.2066429,154,,,Vochysiaceae,Erisma,bicolor
6024,-2.5959787,-60.2066556,235,,,Sapotaceae,Pouteria,guianensis
6025,-2.5959802,-60.2066575,119,,,Fabaceae,Tachigali,myrmecophila
6026,-2.5959678,-60.2067261,278,,,Lecythidaceae,Eschweilera,amazoniciformis
6027,-2.5959303,-60.2067082,496,,1,Chrysobalanaceae,Licania,niloi
6028,-2.5958977,-60.2067115,204,,1,Lecythidaceae,Eschweilera,sagotiana
6029,-2.5959049,-60.2067197,319,,1,Lecythidaceae,Lecythis,retusa
6030,-2.5958921,-60.2067166,112,,,Chrysobalanaceae,Licania,caudata
6031,-2.5959326,-60.2067568,168,,,Fabaceae,Swartzia,lamellata
6032,-2.5959244,-60.2067595,232,,1,Sapotaceae,Pouteria,reticulata
6033,-2.595922,-60.20676,179,,,Fabaceae,Zygia,ramiflora
6034,-2.5958588,-60.2067185,145,,,Rubiaceae,Botryarrhena,pendula
6035,-2.5958468,-60.2067119,105,,,Lecythidaceae,Eschweilera,truncata
6036,-2.5958659,-60.2067813,189,,,Fabaceae,Stryphnodendron,racemiferum
6037,-2.5958323,-60.2067838,189,,,Sapindaceae,Matayba,inelegans
6038,-2.5958178,-60.2067575,313,,1,Sapotaceae,Micropholis,guyanensis
6039,-2.5957593,-60.2067568,241,,,Lecythidaceae,Corythophora,alta
6040,-2.5957705,-60.2067412,264,,1,Lecythidaceae,Corythophora,alta
6041,-2.5958069,-60.206715,213,,1,Sapotaceae,Pouteria,erythrochrysa
6043,-2.5957514,-60.2067018,145,,,Urticaceae,Pourouma,tomentosa
6602,-2.5957271,-60.2066191,23,4.02,,Lecythidaceae,Eschweilera,truncata
6603,-2.5957323,-60.2066101,21,2.94,,Rubiaceae,Margaritopsis,podocephala
6604,-2.5957331,-60.2066105,26,6.08,,Fabaceae,Swartzia,tomentifera
6605,-2.5957374,-60.2066079,28,3.39,,Fabaceae,Tachigali,micropetala
6607,-2.5957576,-60.2066302,42,7.48,,na,na,na
6610,-2.5957531,-60.2066505,49,6.72,,Fabaceae,Inga,obidensis
6611,-2.5957801,-60.2066416,75,10.69,,Fabaceae,Dypterix,magnifica
6612,-2.5958199,-60.2066695,36,5.17,,Nyctaginaceae,Neea,divaricata
6613,-2.5958302,-60.206663,24,3.74,,Annonaceae,Duguetia,flagellaris
6614,-2.5958423,-60.2066605,90,11.08,,Burseraceae,Protium,altsonii
6615,-2.595822,-60.2066468,32,6.41,,Chrysobalanaceae,Hirtella,racemosa
6616,-2.595823,-60.2066567,25,5.5,,Euphorbiaceae,Mabea,piriri
6617,-2.5957998,-60.206644,63,10.4,,Chrysobalanaceae,Licania,macrophylla
6618,-2.5957861,-60.2066314,90,13.84,,Meliaceae,Guarea,pubescens
6619,-2.5957916,-60.2066228,30,5.43,,Fabaceae,Zygia,racemosa
6620,-2.5957779,-60.2066248,26,5.26,,Violaceae,Paypayrola,grandiflora
6621,-2.5957774,-60.2066189,56,9.87,,Chrysobalanaceae,Licania,octandra
6622,-2.5957875,-60.2066148,49,9.01,,Malvaceae,Theobroma,sylvestre
6623,-2.5957397,-60.2066035,98,13.28,,Annonaceae,Fusaea,longifolia
6624,-2.5957508,-60.2066035,25,4.65,,Fabaceae,Inga,obidensis
6625,-2.5957451,-60.2065972,80,13.58,,Fabaceae,Zygia,racemosa
6626,-2.595755,-60.206589,53,10.81,,Fabaceae,Inga,brachyrhachis
6627,-2.5957743,-60.2065923,46,4.6,,Nyctaginaceae,Neea,divaricata
6628,-2.5957751,-60.2065929,27,7.08,,Chrysobalanaceae,Licania,caudata
6629,-2.5957709,-60.2065725,33,8.11,,Fabaceae,Swartzia,tomentifera
6630,-2.5957722,-60.2065702,64,8.93,,Connaraceae,Rourea,cuspidata
6631,-2.5957862,-60.2065759,34,7.82,,Chrysobalanaceae,Licania,caudata
6632,-2.595793,-60.2065929,64,7.39,,Lecythidaceae,Lecythis,zabucajo
6633,-2.5957977,-60.206594,32,5.7,,Lecythidaceae,Eschweilera,tessmannii
6634,-2.5957989,-60.2065932,40,7.56,,Myrtaceae,Eugenia,sp.3
6635,-2.5958029,-60.2066015,28,7.38,,Lecythidaceae,Eschweilera,grandiflora
6636,-2.5958105,-60.2066262,52,10.76,,Chrysobalanaceae,Couepia ,canomensis
6637,-2.5958275,-60.2066185,33,4.68,,Nyctaginaceae,Neea,verticillata
6638,-2.595827,-60.2066228,38,5.09,,Siparunaceae,Siparuna,cuspidata
6639,-2.5958403,-60.2066311,86,12.01,,Burseraceae,Protium,hebetatum
6640,-2.5958321,-60.2066074,38,5.37,,Fabaceae,Swartzia,corrugata
6641,-2.5958321,-60.2066075,27,5.04,,Fabaceae,Swartzia,reticulata
6642,-2.5958257,-60.2065821,45,7.3,,Lecythidaceae,Eschweilera,wachenheimii
6643,-2.5958014,-60.206578,99,14.41,,Burseraceae,Protium,hebetatum
6644,-2.5957976,-60.2065582,25,5.3,,Violaceae,Rinorea,paniculata
6645,-2.595805,-60.2065444,29,6.2,,Myrtaceae,Eugenia,sp.1
6646,-2.5958339,-60.2065376,49,9.47,,na,na,na
6647,-2.5958223,-60.2065542,55,8.33,,Lecythidaceae,Eschweilera,wachenheimii
6648,-2.5958208,-60.2065602,26,4.22,,Annonaceae,Duguetia,flagellaris
6649,-2.595829,-60.206571,92,12.9,,Burseraceae,Protium,hebetatum
6650,-2.5958292,-60.2065741,29,6.9,,Chrysobalanaceae,Hirtella,ducke/myrmecophila
6651,-2.5958536,-60.2065844,33,7.14,,Violaceae,Leonia,cymosa
6652,-2.5958466,-60.2066088,92,12.94,,Lecythidaceae,Eschweilera,wachenheimii
6653,-2.5958463,-60.2066069,22,3.77,,Lecythidaceae,Eschweilera,wachenheimii
6654,-2.5958564,-60.2066207,36,5.18,,Rubiaceae,Faramea,platyneura
6655,-2.5958655,-60.2065957,57,9.31,,Burseraceae,Protium,altsonii
6656,-2.5958918,-60.2065557,46,4.7,,Fabaceae,Inga,stipularis
6657,-2.5958922,-60.2065712,54,9.34,,Fabaceae,Eperua,glabriflora
6658,-2.5959009,-60.2065765,27,5.61,,Elaeocarpaceae,Sloanea,schomburgkii
6659,-2.5959126,-60.2065562,25,3.78,,Apocynaceae,Tabernaemontana ,muricata
6661,-2.5959364,-60.206568,65,9.26,,Sapotaceae,Pouteria,reticulata
6663,-2.5959186,-60.2065817,35,5.88,,Putranjivaceae,Drypetes,variabilis
6664,-2.5959316,-60.206583,28,5.42,,Lecythidaceae,Lecythis,sp.2
6665,-2.5958826,-60.206636,23,5.33,,na,na,na
6667,-2.5959469,-60.2066002,25,5.46,,Lecythidaceae,Eschweilera,amazoniciformis
6668,-2.5959509,-60.2066061,65,5.55,,Melastomataceae,Miconia,punctata
6669,-2.5959207,-60.2065977,23,4.87,,Sapindaceae,Cupania,hispida
6670,-2.595918,-60.2065985,73,10.9,,Lecythidaceae,Eschweilera,pedicellata
6671,-2.5959177,-60.2066072,54,10.09,,Lecythidaceae,Gustavia,elliptica
6672,-2.5959209,-60.2066246,36,5.81,,Rubiaceae,Faramea,torquata
6673,-2.595921,-60.206626,61,10.32,,Fabaceae,Inga,bicoloriflora
6675,-2.5959215,-60.2066367,34,6.52,,Fabaceae,Eperua,glabriflora
6676,-2.5959414,-60.2066348,55,7.96,,Chrysobalanaceae,Licania,octandra
6677,-2.5959425,-60.2066281,39,4.85,,Fabaceae,Inga,capitata
6679,-2.5959692,-60.2066319,89,14.02,,Fabaceae,Swartzia,lamellata
6680,-2.5959735,-60.2066313,38,5.51,,Lecythidaceae,Eschweilera,wachenheimii
6682,-2.5959805,-60.2066536,76,11.28,,Vochysiaceae,Erisma,bicolor
6684,-2.5959013,-60.20666,77,12.55,,Annonaceae,Duguetia,stelechantha
6685,-2.5958758,-60.2066606,37,4.36,,Menispermaceae,Abuta,grandifolia
6686,-2.5958689,-60.2066663,35,6.5,,Burseraceae,Protium,hebetatum
6688,-2.5958568,-60.2066668,27,4.85,,Siparunaceae,Siparuna,cuspidata
6689,-2.5958756,-60.2066703,25,4.23,,Siparunaceae,Siparuna,cuspidata
6690,-2.595883,-60.2066725,84,13.58,,Urticaceae,Pourouma,mollis
6691,-2.5958907,-60.2066749,22,5.61,,Sapotaceae,pouteria,laevigata
6692,-2.5958879,-60.2066761,38,8.53,,Fabaceae,Inga,obidensis
6693,-2.5958972,-60.2066798,40,6.94,,Elaeocarpaceae,Sloanea,pubescens
6694,-2.5958995,-60.2066787,81,12.71,,Chrysobalanaceae,Licania,rodriguesii
6695,-2.5959043,-60.2066725,24,4.42,,Elaeocarpaceae,Sloanea,floribunda
6696,-2.5959117,-60.2066748,51,11.48,,Lauraceae,Ocotea ,cujumary
6697,-2.5959108,-60.206673,27,6.31,,Annonaceae,Duguetia,flagellaris
6698,-2.5959055,-60.2066688,53,9.55,,Salicaceae,Ryania,speciosa
6699,-2.5958962,-60.2066562,35,8.47,,Burseraceae,Protium,pallidum
6700,-2.5959027,-60.2066556,54,8.97,,Burseraceae,Protium,altsonii
6701,-2.5959124,-60.2066479,26,4.36,,Violaceae,Paypayrola,grandiflora
6702,-2.5959223,-60.2066519,58,9.81,,Burseraceae,Protium,strumosum
6703,-2.5959241,-60.2066567,36,7.26,,Burseraceae,Protium,pallidum
6704,-2.5959277,-60.206665,62,10.48,,Burseraceae,Protium,altsonii
6705,-2.5959311,-60.2066617,28,4.62,,Fabaceae,Tachigali,micropetala
6706,-2.5959288,-60.2066657,29,4.32,,Violaceae,Paypayrola,grandiflora
6707,-2.595934,-60.2066614,58,11.55,,Burseraceae,Protium,apiculatum
6708,-2.5959377,-60.2066548,82,10.75,,Fabaceae,Zygia,ramiflora
6709,-2.5959398,-60.2066578,34,6.78,,Lecythidaceae,Eschweilera,tessmannii
6710,-2.5959409,-60.2066592,27,6.36,,Burseraceae,Protium,nitidifolium
6711,-2.5959432,-60.2066637,22,3.77,,Violaceae,Paypayrola,grandiflora
6712,-2.5959542,-60.2066684,31,7.95,,Burseraceae,Protium,nitidifolium
6713,-2.5959585,-60.2066542,34,6.54,,Chrysobalanaceae,Licania,sothersiae
6714,-2.5959597,-60.2066556,58,8.95,,Burseraceae,Protium,sagotianum
6715,-2.5959673,-60.2066814,42,7.16,,na,na,na
6716,-2.5959696,-60.2067145,30,5.85,,Siparunaceae,Siparuna,cuspidata
6717,-2.5959672,-60.2067023,74,9.89,,Violaceae,Paypayrola,grandiflora
6718,-2.5959573,-60.2066921,22,5.52,,Fabaceae,Andira,parviflora
6721,-2.5959202,-60.2066807,78,12.4,,Erythroxylaceae,Erythroxylum,campinense
6722,-2.5959014,-60.2066933,35,7.19,,na,na,na
6723,-2.5958589,-60.2066796,79,12.65,,Fabaceae,Bocoa,viridiflora
6724,-2.5958544,-60.2066906,61,13.69,,Lecythidaceae,Eschweilera,grandiflora
6725,-2.5958636,-60.2067074,23,5.06,,Vochysiaceae,Erisma,bicolor
6726,-2.595873,-60.2066993,40,6.7,,Sapotaceae,Pouteria,caimito
6727,-2.5958773,-60.2067063,46,9.82,,Lauraceae,Ocotea,cinerea
6728,-2.5958817,-60.2067053,101,13.11,,Sapotaceae,Pouteria,pallens
6730,-2.595906,-60.2067116,28,4.45,,Chrysobalanaceae,Licania,coriacea
6731,-2.5959188,-60.2067172,34,6.12,,Violaceae,Paypayrola,grandiflora
6732,-2.5959204,-60.2067149,63,11.83,,Burseraceae,Protium,apiculatum
6733,-2.595923,-60.2067105,42,5.35,,Lauraceae,Ocotea,leucoxylon
6734,-2.5959207,-60.2067069,28,5.67,,Siparunaceae,Siparuna,cuspidata
6735,-2.5959218,-60.2067027,42,6.97,,Elaeocarpaceae,Sloanea,schomburgkii
6736,-2.5959329,-60.2067168,58,11.39,,Lauraceae,Ocotea,leucoxylon
6737,-2.5959323,-60.2067245,47,7.79,,Fabaceae,Macrolobium,suaveolans
6738,-2.5959501,-60.2067303,60,8.12,,Violaceae,Paypayrola,grandiflora
6739,-2.5959528,-60.2067527,28,3.91,,Violaceae,Paypayrola,grandiflora
6740,-2.5959439,-60.2067577,51,7.51,,Violaceae,Leonia,glycycarpa
6741,-2.5959364,-60.2067496,30,5.5,,Chrysobalanaceae,Couepia,elata
6742,-2.5959333,-60.2067555,36,6.68,,Sapotaceae,Pouteria,reticulata
6743,-2.5959286,-60.2067526,67,11.39,,Euphorbiaceae,Mabea,piriri
6744,-2.5959264,-60.2067337,34,7.36,,Chrysobalanaceae,Licania,heteromorpha
6745,-2.5959212,-60.2067288,28,5.5,,Annonaceae,Unonopsis,stipitata
6746,-2.5959082,-60.2067243,23,4.67,,Lecythidaceae,Eschweilera,pedicellata
6747,-2.595906,-60.2067265,20,5.46,,Chrysobalanaceae,Licania,micrantha
6748,-2.5959007,-60.2067191,22,5.94,,Fabaceae,Swartzia,tomentifera
6749,-2.5958944,-60.2067295,37,7.67,,Fabaceae,Tachigali,sp.2
6750,-2.5958889,-60.2067224,45,7.4,,Violaceae,Paypayrola,grandiflora
6751,-2.5958722,-60.2067312,30,6.66,,Apocynaceae,Aspidosperma,rigidum
6752,-2.5958759,-60.2067327,46,7.56,,Sapotaceae,Pouteria,petiolata
6753,-2.5959041,-60.2067448,42,6.89,,Lauraceae,Licaria,macrophylla
6755,-2.5959037,-60.2067609,22,4.46,,Violaceae,Paypayrola,grandiflora
6756,-2.5959176,-60.2067606,71,10.96,,Fabaceae,Tachigali,micropetala
6757,-2.5959252,-60.206767,27,5.5,,Chrysobalanaceae,Licania,micrantha
6758,-2.5958981,-60.2067934,24,3.56,,Chrysobalanaceae,Couepia ,canomensis
6759,-2.5958904,-60.2067915,28,5.9,,Malvaceae,Theobroma,sylvestre
6760,-2.5958909,-60.2067874,26,5.03,,na,na,na
6761,-2.595874,-60.2067985,48,7.66,,Fabaceae,Eperua,glabriflora
6762,-2.5958621,-60.2067977,100,18.95,,Chrysobalanaceae,Licania,bracteata
6763,-2.5958566,-60.2067905,25,4.37,,Sapotaceae,Pouteria,venosa
6764,-2.595845,-60.206789,54,,,Burseraceae,Dacryodes,cuspidata
6765,-2.5958414,-60.2067832,49,7.38,,Lecythidaceae,Corythophora,alta
6766,-2.5958303,-60.2067599,46,8.57,,Burseraceae,Protium,hebetatum
6767,-2.5958513,-60.2067621,46,8.39,,Fabaceae,Swartzia,cuspidata
6768,-2.5958625,-60.2067793,22,6.4,,Chrysobalanaceae,Hirtella,ducke/myrmecophila
6769,-2.5958648,-60.2067745,49,7.52,,Violaceae,Paypayrola,grandiflora
6770,-2.5958676,-60.2067722,55,8.29,,Myrtaceae,Calyptranthes,paniculata
6771,-2.595884,-60.2067699,48,8.27,,Burseraceae,Protium,sp.1
6772,-2.5958823,-60.2067532,28,3.9,,Violaceae,Paypayrola,grandiflora
6773,-2.5958799,-60.2067475,25,4.68,,Fabaceae,Ormosia,paraensis
6774,-2.5958589,-60.206749,50,6.78,,Chrysobalanaceae,Hirtella,sp.1
6775,-2.5958522,-60.2067242,45,5.81,,Violaceae,Paypayrola,grandiflora
6776,-2.5958484,-60.2066791,26,3.75,,Burseraceae,Protium,hebetatum
6777,-2.5958388,-60.2066991,100,12.41,,Rubiaceae,Alibertia,claviflora
6778,-2.5958296,-60.2067136,73,13.13,,Malvaceae,Theobroma,sylvestre
6779,-2.5958113,-60.2067157,71,11.31,,Clusiaceae,Tovomita,hopkinsii
6780,-2.5958236,-60.2066988,45,8.39,,Burseraceae,Protium,hebetatum
6781,-2.5958183,-60.2066913,26,5.22,,Lauraceae,Ocotea,minor
6782,-2.5958014,-60.2066985,36,5.34,,Lauraceae,Ocotea ,cujumary
6783,-2.595792,-60.2066961,58,8.32,,Rubiaceae,Amaioua,glomerulata
6784,-2.5957984,-60.2066851,69,9.77,,Sapindaceae,Allophylus,sp
6785,-2.5957982,-60.2066797,29,4.12,,Rubiaceae,Warszewiczia,sp
6786,-2.5957849,-60.2066762,27,4.16,,Rubiaceae,Margaritopsis,podocephala
6787,-2.5957884,-60.2066856,28,5.36,,Burseraceae,Protium,altsonii
6788,-2.595754,-60.2067618,47,8.85,,na,na,na
6789,-2.5957686,-60.2067547,40,7.89,,Chrysobalanaceae,Licania,heteromorpha
6790,-2.5957687,-60.2067573,30,5.96,,Melastomataceae,Miconia,punctata
6791,-2.5957686,-60.2067482,24,5.14,,Melastomataceae,Miconia,argyrophylla
6793,-2.5957613,-60.2067279,50,7.65,,Urticaceae,Pourouma,myrmecophila
6794,-2.5957487,-60.2067187,88,10.32,,Urticaceae,Pourouma,velutina
6795,-2.595761,-60.2067059,35,6.17,,Malvaceae,Theobroma,sylvestre
6796,-2.5957513,-60.2067061,37,6.15,,Urticaceae,Pourouma,bicolor
6797,-2.5957433,-60.2067055,72,9.71,,Fabaceae,Inga,laurina
6798,-2.5957646,-60.2066913,56,10.2,,Burseraceae,Protium,hebetatum
6799,-2.5957639,-60.2066819,30,6.52,,Chrysobalanaceae,Hirtella,ducke/myrmecophila
6800,-2.5957672,-60.2066827,89,12.78,,Burseraceae,Protium,hebetatum
6801,-2.595773,-60.2066836,68,9.33,,Melastomataceae,Mouriri,cauliflora
6802,-2.5957443,-60.2066773,24,6.99,,Fabaceae,Swartzia,longistipitata
6803,-2.5957276,-60.2066657,86,12,,Burseraceae,Protium,aracouchini
6804,-2.5957802,-60.2067359,78,12.54,,Lecythidaceae,Lecythis,confertiflora
6805,-2.5958325,-60.2066801,55,9.7,,Chrysobalanaceae,Licania,impressa 
6806,-2.5957515,-60.2067376,31,6.06,,Melastomataceae,Miconia,gratissima
7001,-2.5976653,-60.2071147,400,,1,Lecythidaceae,Couratari,tauari
7002,-2.5976901,-60.2071084,114,,,Fabaceae,Pterocarpus,rohrii
7003,-2.5976741,-60.2070643,165,,,Euphorbiaceae,Micrandropsis,scleroxylon
7004,-2.5977134,-60.2070302,301,,1,Clusiaceae,Symphonia,globulifera
7005,-2.597711,-60.2070324,133,,,Lauraceae,Aniba,terminalis
7006,-2.5977441,-60.2071279,130,,,Lecythidaceae,Eschweilera,pedicellata
7007,-2.5977582,-60.2071198,280,,1,Humiriaceae,Sacoglottis,mattogrossensis
7008,-2.597764,-60.2070799,231,,1,Melastomataceae,Mouriri,duckeanoides
7009,-2.5977598,-60.2070411,114,,,Violaceae,Rinorea,racemosa
7010,-2.5977673,-60.2070276,211,,1,Sapotaceae,Pradosia,cochlearia
7011,-2.5977653,-60.2070017,193,,,Sapotaceae,Pouteria,flavilatex
7012,-2.5977555,-60.206999,130,,,Urticaceae,Pourouma,myrmecophila
7013,-2.5978007,-60.2070434,500,,1,Lecythidaceae,Eschweilera,collina
7014,-2.5977945,-60.2070692,365,,1,Euphorbiaceae,Micrandropsis,scleroxylon
7016,-2.5978586,-60.207074,252,,1,Fabaceae,Inga,gracilifolia
7017,-2.5978471,-60.2071019,138,,,Sapotaceae,Pouteria,anomala
7018,-2.5978187,-60.2071063,359,,1,Euphorbiaceae,Micrandropsis,scleroxylon
7019,-2.5978099,-60.2071209,171,,,Violaceae,Rinorea,paniculata
7020,-2.5978669,-60.2071241,260,,1,Lecythidaceae,Eschweilera,coriacea
7021,-2.597897,-60.2070986,136,,,Lecythidaceae,Eschweilera,wachenheimii
7022,-2.5978752,-60.207173,115,,,Myrtaceae,Eugenia,sp.4
7023,-2.5978638,-60.2071855,310,,1,Lecythidaceae,Corythophora,alta
7025,-2.5978424,-60.2072057,582,,1,Lecythidaceae,Eschweilera,collina
7026,-2.5978202,-60.2071751,721,,1,Lecythidaceae,Lecythis,sp.1
7027,-2.5978063,-60.2071839,171,,,Burseraceae,Protium,sp.1
7028,-2.5978077,-60.2071891,110,,,Lecythidaceae,Eschweilera,pedicellata
7029,-2.5978272,-60.2072051,108,,,Meliaceae,Guarea,cinnammomea
7030,-2.5978263,-60.2072173,223,,1,Chrysobalanaceae,Licania,prismatocarpa
7031,-2.5977812,-60.2071909,118,,,Fabaceae,Pterocarpus,rohrii
7032,-2.597766,-60.2071863,194,,,Euphorbiaceae,Hevea,guianensis
7033,-2.5977603,-60.2071936,445,,1,na,na,na
7034,-2.5977485,-60.2071887,256,,1,Lauraceae,Ocotea,cinerea
7035,-2.5977667,-60.2071668,170,,,Euphorbiaceae,Dodecastigma,amazonicum
7036,-2.5977135,-60.2072104,190,,,Violaceae,Rinorea,paniculata
7037,-2.5977454,-60.2072539,249,,,Fabaceae,Abarema,auriculata
7038,-2.597749,-60.2072523,159,,,Sapotaceae,Pouteria,venosa
7039,-2.5976848,-60.2072242,152,,,Olacacae,Minquartia,guianensis
7040,-2.5976996,-60.2072039,189,,,Fabaceae,Hymenolobium,sp.1
7041,-2.5977167,-60.2071839,167,,,Apocynaceae,Ambelania,acida
7042,-2.5977022,-60.2071812,390,,1,Lecythidaceae,Eschweilera,coriacea
7043,-2.5977116,-60.2071639,119,,,Chrysobalanaceae,Licania,octandra
7044,-2.597692,-60.20717,189,,,Burseraceae,Protium,paniculatum
7045,-2.597683,-60.2071777,135,,,Euphorbiaceae,Micrandropsis,scleroxylon
7046,-2.5976551,-60.2071894,573,,1,Sapotaceae,Pouteria,venosa
7047,-2.5976485,-60.2071862,415,,1,Sapotaceae,Pouteria,venosa
7701,-2.5976362,-60.2071126,48,11.62,,Chrysobalanaceae,Licania,sp.1
7702,-2.5976439,-60.2071094,57,9.07,,Lecythidaceae,Gustavia,elliptica
7703,-2.597642,-60.207101,36,6.93,,Fabaceae,Inga,obidensis
7704,-2.597667,-60.2070432,71,11.28,,Chrysobalanaceae,Licania,octandra
7705,-2.5976827,-60.2070565,98,15.25,,Myrtaceae,Eugenia,sp.1
7706,-2.5976581,-60.2071127,22,5.73,,Lauraceae,Ocotea,cinerea
7707,-2.5976776,-60.2071252,32,5.27,,na,na,na
7708,-2.5976775,-60.2071305,24,5.33,,Chrysobalanaceae,Hirtella,ducke/myrmecophila
7709,-2.597685,-60.2071365,45,7.84,,Melastomataceae,Miconia,punctata
7710,-2.5977053,-60.2071213,66,13.1,,Euphorbiaceae,Senefeldera,macrophylla
7711,-2.5977026,-60.2071205,31,4.36,,Erythroxylaceae,Erythroxylum,amplum
7713,-2.5977086,-60.2071054,31,5.06,,Chrysobalanaceae,Licania,octandra
7714,-2.5977198,-60.2071207,83,12.79,,Moraceae,Brosimum,rubescens
7715,-2.5977228,-60.2071297,24,4.92,,Chrysobalanaceae,Couepia ,guianensis
7716,-2.5977216,-60.2071069,62,11.66,,Lecythidaceae,Eschweilera,grandiflora
7717,-2.5977261,-60.2071082,43,11.02,,Burseraceae,Protium,strumosum
7719,-2.5977382,-60.2071344,64,12.59,,Lecythidaceae,Eschweilera,grandiflora
7720,-2.5977226,-60.2071429,30,5.14,,Annonaceae,Duguetia,flagellaris
7721,-2.5977423,-60.2071362,37,8.05,,Burseraceae,Protium,hebetatum
7722,-2.5977454,-60.2071323,38,7.83,,Fabaceae,Swartzia,cuspidata
7723,-2.5977499,-60.2071363,22,4.33,,Fabaceae,Andira,sp.1
7724,-2.5977504,-60.207144,88,20.01,,Fabaceae,Swartzia,recurva
7725,-2.5977601,-60.2071354,44,8.86,,Burseraceae,Protium,trifoliolatum
7726,-2.5977477,-60.2071211,88,14.35,,Euphorbiaceae,Senefeldera,macrophylla
7727,-2.5977584,-60.2071033,61,9.28,,Lecythidaceae,Eschweilera,sagotiana
7728,-2.5977026,-60.2070569,61,11.24,,Lauraceae,Ocotea ,cujumary
7729,-2.5977036,-60.2070443,68,14.75,,Fabaceae,Tachigali,melanocarpa
7730,-2.5977039,-60.207042,33,8.37,,Euphorbiaceae,Senefeldera,macrophylla
7731,-2.5977109,-60.2070371,41,6.36,,Violaceae,Rinorea,paniculata
7733,-2.5976983,-60.2070239,23,3.47,,Lecythidaceae,Eschweilera,grandiflora
7734,-2.5977072,-60.2070236,61,10.9,,Fabaceae,Andira,sp.1
7735,-2.5977124,-60.2070219,25,4.61,,Annonaceae,Duguetia,asterotricha
7736,-2.5977302,-60.2070275,23,5.25,,Connaraceae,Rourea,cuspidata
7737,-2.597737,-60.2070155,81,14.24,,Lecythidaceae,Eschweilera,pedicellata
7738,-2.5977633,-60.2069988,40,5.38,,Euphorbiaceae,Senefeldera,macrophylla
7739,-2.5977666,-60.2069996,28,6.06,,Fabaceae,Andira,sp.1
7740,-2.5977763,-60.2070021,72,12.54,,Lecythidaceae,Gustavia,elliptica
7741,-2.5977916,-60.2070408,41,6.99,,Violaceae,Rinorea,paniculata
7742,-2.5977965,-60.2070141,30,5.44,,Violaceae,Paypayrola,grandiflora
7743,-2.5977698,-60.2070111,34,6.8,,Annonaceae,Duguetia,flagellaris
7744,-2.5977683,-60.207011,62,11.74,,Lecythidaceae,Eschweilera,grandiflora
7745,-2.5977553,-60.2070357,21,2.63,,Chrysobalanaceae,Licania,gracilipes
7746,-2.597766,-60.2070356,22,5.99,,Chrysobalanaceae,Hirtella,sp.1
7747,-2.5977557,-60.2070582,81,14.1,,Sapotaceae,Sarcaulus,brasiliensis
7748,-2.5977615,-60.2070628,63,10.82,,Chrysobalanaceae,Licania,octandra
7749,-2.5977821,-60.2070865,25,6.1,,Meliaceae,Trichilia,pleeana
7750,-2.5977822,-60.207081,22,4.96,,Burseraceae,Protium,apiculatum
7751,-2.5977724,-60.2070658,90,11.61,,Lecythidaceae,Eschweilera,wachenheimii
7752,-2.5977706,-60.2070498,44,8.46,,Lecythidaceae,Eschweilera,wachenheimii
7753,-2.5977773,-60.2070474,26,5.98,,Sapindaceae,Cupania,hispida
7754,-2.5977948,-60.2070453,35,7.87,,Chrysobalanaceae,Hirtella,sp.1
7756,-2.5977916,-60.2070196,26,5.97,,Chrysobalanaceae,Licania,heteromorpha
7757,-2.5978056,-60.2070193,49,5.8,,Annonaceae,Duguetia,flagellaris
7758,-2.5978236,-60.2070159,30,5.41,,Violaceae,Paypayrola,grandiflora
7759,-2.5978319,-60.2070159,42,7.99,,Lauraceae,Ocotea,pachycarpa
7760,-2.5978189,-60.2070326,30,7.19,,Humiriaceae,Vantanea,macrocarpa
7761,-2.5978171,-60.2070366,40,5.4,,Violaceae,Paypayrola,grandiflora
7763,-2.5978432,-60.2070476,28,4.34,,Annonaceae,Duguetia,flagellaris
7764,-2.5978567,-60.2070536,21,5.23,,Lauraceae,Licaria,martiniana
7765,-2.5978424,-60.2070594,33,5.66,,Elaeocarpaceae,Sloanea,floribunda
7766,-2.5978254,-60.2070679,51,7.86,,Fabaceae,Tachigali,sp.2
7767,-2.597824,-60.2070599,28,3.2,,Violaceae,Paypayrola,grandiflora
7768,-2.5978174,-60.2070521,47,10.09,,Hypericaceae,Vismia,sandwithii
7769,-2.5978036,-60.2070601,40,6.09,,Annonaceae,Duguetia,flagellaris
7771,-2.5978015,-60.2070731,22,3.92,,Annonaceae,Duguetia,asterotricha
7772,-2.5978017,-60.2070682,26,6.25,,Linaceae,Roucheria,columbiana
7773,-2.5978008,-60.2070697,36,6.12,,Annonaceae,Duguetia,flagellaris
7774,-2.5977901,-60.2070588,44,8.56,,Lecythidaceae,Eschweilera,parviflora
7775,-2.5977895,-60.2070626,42,8.4,,Sapindaceae,Talisia,sp.2
7776,-2.5977856,-60.2070995,45,8.16,,na,na,na
7777,-2.597781,-60.207122,23,4.04,,Annonaceae,Duguetia,flagellaris
7778,-2.5977936,-60.2071205,32,5.76,,Burseraceae,Protium,hebetatum
7779,-2.5977966,-60.2071005,25,6.4,,Lecythidaceae,Eschweilera,truncata
7780,-2.5978097,-60.2071065,57,9.62,,Humiriaceae,Vantanea,macrocarpa
7781,-2.5978058,-60.2070868,36,6.77,,Burseraceae,Protium,nitidifolium
7782,-2.5978344,-60.2070773,25,5.05,,Melastomataceae,Henriettea,caudata
7783,-2.5978414,-60.2070716,24,4.71,,Siparunaceae,Siparuna,poeppigii
7784,-2.5978599,-60.2070616,32,7.29,,Boraginaceae,Cordia,panicularis
7785,-2.5978548,-60.2070695,77,10.52,,Burseraceae,Protium,hebetatum
7786,-2.5978548,-60.2070745,30,8.43,,Euphorbiaceae,Mabea,angularis
7787,-2.5978592,-60.2070818,30,5,,Annonaceae,Duguetia,asterotricha
7788,-2.5978663,-60.2070905,35,6.12,,Lauraceae,Ocotea,percurrens
7789,-2.597864,-60.2070912,89,12.89,,Fabaceae,Inga,umbratica
7790,-2.5978661,-60.2071006,25,6.08,,Myrtaceae,Eugenia,florida
7791,-2.5978767,-60.2070758,86,12.54,,Fabaceae,Tachigali,sp.2
7792,-2.5978891,-60.2070809,83,8.88,,Fabaceae,Swartzia,cuspidata
7793,-2.5978921,-60.2070845,26,4.5,,Fabaceae,Andira,sp.1
7794,-2.5978799,-60.2070957,58,11.15,,Clusiaceae,Tovomita,amazonica
7795,-2.5978798,-60.2070986,47,8.63,,Vochysiaceae,Erisma,bicolor
7797,-2.5978687,-60.2071066,31,,,na,na,na
7798,-2.597884,-60.2071228,47,8.26,,Violaceae,Paypayrola,grandiflora
7799,-2.5978907,-60.2071297,74,10.61,,Ochnaceae,Lacunaria,jenmanii
7800,-2.5978881,-60.20715,51,8.77,,Siparunaceae,Siparuna,poeppigii
7801,-2.5978497,-60.2071053,30,7.57,,Fabaceae,Cedrelinga,catenaeformis
7803,-2.5978431,-60.2071,71,4.38,,Annonaceae,Duguetia,flagellaris
7804,-2.5978579,-60.2070938,22,4.66,,Violaceae,Paypayrola,grandiflora
7805,-2.5978273,-60.2070986,41,6.55,,Annonaceae,Duguetia,flagellaris
7806,-2.5978288,-60.2071085,31,6.48,,Humiriaceae,Vantanea,macrocarpa
7807,-2.5978281,-60.207112,29,4.86,,Fabaceae,Inga,umbellifera
7808,-2.5978438,-60.2071152,34,7.29,,Lecythidaceae,Eschweilera,truncata
7809,-2.5978579,-60.2071245,64,9.44,,Fabaceae,Inga,obidensis
7810,-2.5978691,-60.2071415,31,4.19,,Celastraceae,Cheiloclinium,cognatum
7811,-2.5978525,-60.2071353,63,10.15,,Sapotaceae,Manilkara,bidentata
7812,-2.5978445,-60.207129,30,11.14,,Burseraceae,Protium,paniculatum
7813,-2.5978425,-60.207135,32,5.28,,Rubiaceae,Ixora,ulei
7814,-2.5978387,-60.2071236,23,5,,Elaeocarpaceae,Sloanea,sp.1
7815,-2.5978343,-60.2071258,33,9.06,,Humiriaceae,Vantanea,macrocarpa
7816,-2.5978322,-60.2071222,48,8.42,,Boraginaceae,Cordia,exaltata
7817,-2.5978288,-60.2071238,40,9.05,,Lecythidaceae,Eschweilera,grandiflora
7818,-2.5978269,-60.207124,24,5.76,,Lacistemaceae,Lacistema,aggregatum
7819,-2.5978217,-60.2071269,23,6.15,,Sapindaceae,Cupania,scrobiculata
7821,-2.5977933,-60.2071479,47,6.12,,na,na,na
7822,-2.5978014,-60.2071522,59,9.37,,Burseraceae,Protium,trifoliolatum
7824,-2.5978222,-60.2071535,28,2.89,,Celastraceae,Cheiloclinium,cognatum
7825,-2.597828,-60.2071603,29,5.06,,Violaceae,Paypayrola,grandiflora
7826,-2.5978375,-60.2071448,58,10.43,,Combretaceae,Buchenavia,grandis
7827,-2.5978519,-60.2071479,92,12.92,,Burseraceae,Protium,trifoliolatum
7828,-2.597852,-60.2071572,81,7.54,,Myrtaceae,Calyptranthes,sp.1
7829,-2.5978554,-60.2071584,77,7.77,,Lecythidaceae,Eschweilera,grandiflora
7830,-2.5978522,-60.2071662,46,8.52,,Burseraceae,Protium,aracouchini
7831,-2.5978705,-60.2071691,49,9.04,,Burseraceae,Protium,apiculatum
7832,-2.5978702,-60.2071768,41,6.1,,Annonaceae,Duguetia,flagellaris
7833,-2.5978686,-60.2071945,77,11.76,,Moraceae,Maquira,sclerophylla
7834,-2.5978707,-60.2071949,88,10.25,,Fabaceae,Pterocarpus,rohrii
7835,-2.5978553,-60.2071852,33,4.09,,Humiriaceae,Vantanea,macrocarpa
7837,-2.5978243,-60.2071992,87,10.19,,Ochnaceae,Quiina,amazonica
7838,-2.5978327,-60.2071979,33,5.76,,Olacaceae,Ptychopetalum,olacoides
7839,-2.5978284,-60.2071923,107,14.15,,Sapotaceae,Pouteria,anomala
7840,-2.5978323,-60.2072029,31,6.12,,Urticaceae,Pourouma,bicolor
7841,-2.5978443,-60.2072139,25,4.24,,Myrtaceae,Myrcia,paivae
7842,-2.5978294,-60.2072239,30,5.83,,Lecythidaceae,Eschweilera,wachenheimii
7843,-2.597827,-60.2072264,33,5.52,,Burseraceae,Protium,apiculatum
7844,-2.5978216,-60.2072475,77,12.27,,Lecythidaceae,Eschweilera,wachenheimii
7846,-2.5978131,-60.2072411,28,4.76,,Fabaceae,Inga,obidensis
7847,-2.597805,-60.2072439,31,4.77,,Lecythidaceae,Eschweilera,wachenheimii
7848,-2.5978045,-60.2072301,83,14.97,,Sapindaceae,Talisia,eximia
7849,-2.5978131,-60.2072254,28,5.3,,Burseraceae,Protium,hebetatum
7850,-2.5978067,-60.2071894,58,9.08,,Myristicaceae,Iryanthera,juruensis
7851,-2.5978093,-60.2071752,28,6.34,,Clusiaceae,Garcinia,madruno
7852,-2.5978093,-60.2071692,75,13.92,,Euphorbiaceae,Senefeldera,macrophylla
7853,-2.5977974,-60.2071651,33,5.02,,Annonaceae,Duguetia,flagellaris
7854,-2.5977903,-60.2071738,77,10.82,,Lecythidaceae,Eschweilera,wachenheimii
7855,-2.5977885,-60.2071744,24,4.2,,Annonaceae,Duguetia,flagellaris
7856,-2.5977903,-60.2071548,48,9.2,,na,na,na
7857,-2.5977781,-60.2071533,24,3.79,,Chrysobalanaceae,Licania,rodriguesii
7859,-2.5977822,-60.2071784,33,6.73,,Lecythidaceae,Eschweilera,grandiflora
7860,-2.5977654,-60.207177,46,9.14,,Clusiaceae,Tovomita,sp.1
7861,-2.5977629,-60.2071822,53,10.08,,Sapotaceae,Pouteria,retinervis
7862,-2.597772,-60.2071854,65,11.34,,Fabaceae,Bocoa,viridiflora
7863,-2.597774,-60.207186,26,5.93,,Sapindaceae,Talisia,sp.2
7864,-2.5977958,-60.2072005,37,6.59,,Moraceae,Naucleopsis,caloneura
7865,-2.5977831,-60.2072011,30,4.45,,Annonaceae,Duguetia,flagellaris
7866,-2.5977798,-60.207209,52,10.01,,Chrysobalanaceae,Licania,sp.2
7867,-2.597791,-60.2072198,32,6.67,,Violaceae,Paypayrola,grandiflora
7869,-2.597785,-60.2072401,54,8.28,,Violaceae,Paypayrola,grandiflora
7870,-2.5977823,-60.2072486,44,4.33,,Annonaceae,Duguetia,flagellaris
7871,-2.5977748,-60.2072311,34,5.18,,Fabaceae,Inga,laurina
7872,-2.5977566,-60.2072175,54,6,,Rubiaceae,Margaritopsis,podocephala
7874,-2.5977418,-60.2071714,63,5.29,,Lecythidaceae,Couratari,guianensis
7875,-2.5977473,-60.2071633,98,15.36,,Burseraceae,Protium,hebetatum
7877,-2.5977349,-60.2071574,24,4.36,,Myrtaceae,Myrcia,fallax
7878,-2.5977229,-60.2071609,24,4.58,,Olacaceae,Ptychopetalum,olacoides
7880,-2.5977177,-60.2071949,31,5.47,,Burseraceae,Protium,altsonii
7881,-2.597718,-60.2071941,30,5.13,,Euphorbiaceae,Dodecastigma,amazonicum
7882,-2.5977143,-60.2072056,74,16.15,,Sapotaceae,Pouteria,cuspidata
7883,-2.5977146,-60.2072151,83,13.13,,Burseraceae,Protium,strumosum
7885,-2.597725,-60.2072052,28,3.37,,Malpighiaceae,Pterandra,arborea
7886,-2.5976882,-60.2072289,30,4.19,,Annonaceae,Duguetia,flagellaris
7887,-2.5976863,-60.2072236,35,5.29,,Violaceae,Amphirrhox,longifolia
7888,-2.5976865,-60.2072115,38,7.68,,Burseraceae,Dacryodes,cuspidata
7889,-2.5976969,-60.2072028,38,5.95,,Melastomataceae,Henriettea,caudata
7891,-2.5976977,-60.2071658,31,5.64,,Lauraceae,Aniba,williamsii
7892,-2.5976871,-60.2071694,95,15.11,,Lauraceae,Aniba,terminalis
7893,-2.5976866,-60.2071699,29,6.39,,Fabaceae,Tachigali,myrmecophila
7894,-2.5976762,-60.2071732,31,7.54,,Sapotaceae,Pouteria,ambelaniifolia
7895,-2.5976803,-60.2071615,22,5.95,,Burseraceae,Protium,giganteum
7896,-2.5976718,-60.2071488,109,14.44,,Lauraceae,Ocotea ,cujumary
7897,-2.5976561,-60.2071723,75,11.19,,Lecythidaceae,Eschweilera,wachenheimii
7898,-2.597654,-60.2071658,39,6.82,,Melastomataceae,Miconia,punctata
7899,-2.5976417,-60.2071655,30,5.95,,Lauraceae,Ocotea ,scabrella